[{"_allAttributes":null,"_properties":null,"_methods":null,"file":"d:/NestedRelatedListComp4/NestedRelatedListComp2/force-app/main/default/lwc/nestedRelatedList/nestedRelatedList.js","metadata":{"decorators":[{"type":"api","targets":[{"name":"recordId","type":"property","value":{"type":"unresolved"}},{"name":"childObjectApiName","type":"property","value":{"type":"unresolved"}},{"name":"grandchildObjectApiName","type":"property","value":{"type":"unresolved"}},{"name":"childFieldset","type":"property","value":{"type":"unresolved"}},{"name":"grandchildFieldset","type":"property","value":{"type":"unresolved"}},{"name":"parentField","type":"property","value":{"type":"unresolved"}},{"name":"childField","type":"property","value":{"type":"unresolved"}}]},{"type":"track","targets":[{"name":"columns","type":"property"},{"name":"flattenedRecords","type":"property"}]}],"classMembers":[{"name":"recordId","type":"property","value":{"type":"unresolved"},"decorator":"api","loc":{"start":{"line":8,"column":4},"end":{"line":8,"column":18}}},{"name":"childObjectApiName","type":"property","value":{"type":"unresolved"},"decorator":"api","loc":{"start":{"line":9,"column":4},"end":{"line":9,"column":28}}},{"name":"grandchildObjectApiName","type":"property","value":{"type":"unresolved"},"decorator":"api","loc":{"start":{"line":10,"column":4},"end":{"line":10,"column":33}}},{"name":"childFieldset","type":"property","value":{"type":"unresolved"},"decorator":"api","loc":{"start":{"line":11,"column":4},"end":{"line":11,"column":23}}},{"name":"grandchildFieldset","type":"property","value":{"type":"unresolved"},"decorator":"api","loc":{"start":{"line":12,"column":4},"end":{"line":12,"column":28}}},{"name":"parentField","type":"property","value":{"type":"unresolved"},"decorator":"api","loc":{"start":{"line":13,"column":4},"end":{"line":13,"column":21}}},{"name":"childField","type":"property","value":{"type":"unresolved"},"decorator":"api","loc":{"start":{"line":14,"column":4},"end":{"line":14,"column":20}}},{"name":"columns","type":"property","decorator":"track","loc":{"start":{"line":16,"column":4},"end":{"line":16,"column":24}}},{"name":"flattenedRecords","type":"property","decorator":"track","loc":{"start":{"line":17,"column":4},"end":{"line":17,"column":33}}},{"name":"connectedCallback","type":"method","loc":{"start":{"line":19,"column":4},"end":{"line":21,"column":5}}},{"name":"loadChildRecords","type":"method","loc":{"start":{"line":23,"column":4},"end":{"line":37,"column":5}}},{"name":"processRecords","type":"method","loc":{"start":{"line":39,"column":4},"end":{"line":41,"column":5}}},{"name":"createFlattenedRecord","type":"method","loc":{"start":{"line":43,"column":4},"end":{"line":62,"column":5}}},{"name":"handleRowToggle","type":"method","loc":{"start":{"line":64,"column":4},"end":{"line":88,"column":5}}},{"name":"loadGrandchildRecords","type":"method","loc":{"start":{"line":90,"column":4},"end":{"line":109,"column":5}}}],"declarationLoc":{"start":{"line":7,"column":0},"end":{"line":110,"column":1}},"doc":"","exports":[{"type":"ExportDefaultDeclaration"}]},"updatedAt":"2024-08-10T05:35:09.866Z"}]