[{"_allAttributes":null,"_properties":null,"_methods":null,"file":"d:/nestedRelatedList1.2.6-Dynamically adding Columns/nestedRelatedList/force-app/main/default/lwc/nestedRelatedList/nestedRelatedList.js","metadata":{"decorators":[{"type":"api","targets":[{"name":"parentObjectApiName","type":"property","value":{"type":"string","value":"Account"}},{"name":"childObjectApiName","type":"property","value":{"type":"string","value":"Opportunity"}},{"name":"grandchildObjectApiName","type":"property","value":{"type":"string","value":"OpportunityLineItem"}},{"name":"parentFieldset","type":"property","value":{"type":"string","value":"AccountFieldset"}},{"name":"childFieldset","type":"property","value":{"type":"string","value":"OpportunityFieldset"}},{"name":"grandchildFieldset","type":"property","value":{"type":"string","value":"OpportunityLineItemFieldset"}}]},{"type":"track","targets":[{"name":"parentRecords","type":"property"},{"name":"childRecords","type":"property"},{"name":"grandchildRecords","type":"property"},{"name":"parentColumns","type":"property"},{"name":"childColumns","type":"property"},{"name":"grandchildColumns","type":"property"},{"name":"expandedParentId","type":"property"},{"name":"expandedChildId","type":"property"},{"name":"filteredParentRecords","type":"property"},{"name":"filteredChildRecords","type":"property"},{"name":"filteredGrandchildRecords","type":"property"},{"name":"sortedByParent","type":"property"},{"name":"sortedDirectionParent","type":"property"},{"name":"sortedByChild","type":"property"},{"name":"sortedDirectionChild","type":"property"},{"name":"sortedByGrandchild","type":"property"},{"name":"sortedDirectionGrandchild","type":"property"},{"name":"isEditModalOpen","type":"property"},{"name":"editRecordId","type":"property"},{"name":"editObjectApiName","type":"property"}]}],"classMembers":[{"name":"parentObjectApiName","type":"property","value":{"type":"string","value":"Account"},"decorator":"api","loc":{"start":{"line":9,"column":4},"end":{"line":9,"column":41}}},{"name":"childObjectApiName","type":"property","value":{"type":"string","value":"Opportunity"},"decorator":"api","loc":{"start":{"line":10,"column":4},"end":{"line":10,"column":44}}},{"name":"grandchildObjectApiName","type":"property","value":{"type":"string","value":"OpportunityLineItem"},"decorator":"api","loc":{"start":{"line":11,"column":4},"end":{"line":11,"column":57}}},{"name":"parentFieldset","type":"property","value":{"type":"string","value":"AccountFieldset"},"decorator":"api","loc":{"start":{"line":12,"column":4},"end":{"line":12,"column":44}}},{"name":"childFieldset","type":"property","value":{"type":"string","value":"OpportunityFieldset"},"decorator":"api","loc":{"start":{"line":13,"column":4},"end":{"line":13,"column":47}}},{"name":"grandchildFieldset","type":"property","value":{"type":"string","value":"OpportunityLineItemFieldset"},"decorator":"api","loc":{"start":{"line":14,"column":4},"end":{"line":14,"column":60}}},{"name":"parentRecords","type":"property","decorator":"track","loc":{"start":{"line":16,"column":4},"end":{"line":16,"column":30}}},{"name":"childRecords","type":"property","decorator":"track","loc":{"start":{"line":17,"column":4},"end":{"line":17,"column":29}}},{"name":"grandchildRecords","type":"property","decorator":"track","loc":{"start":{"line":18,"column":4},"end":{"line":18,"column":34}}},{"name":"parentColumns","type":"property","decorator":"track","loc":{"start":{"line":20,"column":4},"end":{"line":20,"column":30}}},{"name":"childColumns","type":"property","decorator":"track","loc":{"start":{"line":21,"column":4},"end":{"line":21,"column":29}}},{"name":"grandchildColumns","type":"property","decorator":"track","loc":{"start":{"line":22,"column":4},"end":{"line":22,"column":34}}},{"name":"expandedParentId","type":"property","value":{"type":"null","value":null},"decorator":"track","loc":{"start":{"line":24,"column":4},"end":{"line":24,"column":35}}},{"name":"expandedChildId","type":"property","value":{"type":"null","value":null},"decorator":"track","loc":{"start":{"line":25,"column":4},"end":{"line":25,"column":34}}},{"name":"filteredParentRecords","type":"property","decorator":"track","loc":{"start":{"line":27,"column":4},"end":{"line":27,"column":38}}},{"name":"filteredChildRecords","type":"property","decorator":"track","loc":{"start":{"line":28,"column":4},"end":{"line":28,"column":37}}},{"name":"filteredGrandchildRecords","type":"property","decorator":"track","loc":{"start":{"line":29,"column":4},"end":{"line":29,"column":42}}},{"name":"sortedByParent","type":"property","decorator":"track","loc":{"start":{"line":31,"column":4},"end":{"line":31,"column":31}}},{"name":"sortedDirectionParent","type":"property","decorator":"track","loc":{"start":{"line":32,"column":4},"end":{"line":32,"column":41}}},{"name":"sortedByChild","type":"property","decorator":"track","loc":{"start":{"line":33,"column":4},"end":{"line":33,"column":30}}},{"name":"sortedDirectionChild","type":"property","decorator":"track","loc":{"start":{"line":34,"column":4},"end":{"line":34,"column":40}}},{"name":"sortedByGrandchild","type":"property","decorator":"track","loc":{"start":{"line":35,"column":4},"end":{"line":35,"column":35}}},{"name":"sortedDirectionGrandchild","type":"property","decorator":"track","loc":{"start":{"line":36,"column":4},"end":{"line":36,"column":45}}},{"name":"isEditModalOpen","type":"property","value":{"type":"boolean","value":false},"decorator":"track","loc":{"start":{"line":38,"column":4},"end":{"line":38,"column":35}}},{"name":"editRecordId","type":"property","value":{"type":"null","value":null},"decorator":"track","loc":{"start":{"line":39,"column":4},"end":{"line":39,"column":31}}},{"name":"editObjectApiName","type":"property","decorator":"track","loc":{"start":{"line":40,"column":4},"end":{"line":40,"column":34}}},{"name":"connectedCallback","type":"method","loc":{"start":{"line":42,"column":4},"end":{"line":44,"column":5}}},{"name":"loadParentRecords","type":"method","loc":{"start":{"line":46,"column":4},"end":{"line":56,"column":5}}},{"name":"loadChildRecords","type":"method","loc":{"start":{"line":58,"column":4},"end":{"line":73,"column":5}}},{"name":"loadGrandchildRecords","type":"method","loc":{"start":{"line":75,"column":4},"end":{"line":90,"column":5}}},{"name":"createColumns","type":"method","loc":{"start":{"line":92,"column":4},"end":{"line":108,"column":5}}},{"name":"getRowActions","type":"method","loc":{"start":{"line":110,"column":4},"end":{"line":117,"column":5}}},{"name":"handleParentRowAction","type":"method","loc":{"start":{"line":119,"column":4},"end":{"line":136,"column":5}}},{"name":"handleChildRowAction","type":"method","loc":{"start":{"line":138,"column":4},"end":{"line":155,"column":5}}},{"name":"handleGrandchildRowAction","type":"method","loc":{"start":{"line":157,"column":4},"end":{"line":170,"column":5}}},{"name":"openEditModal","type":"method","loc":{"start":{"line":172,"column":4},"end":{"line":176,"column":5}}},{"name":"handleModalClose","type":"method","loc":{"start":{"line":178,"column":4},"end":{"line":189,"column":5}}},{"name":"deleteRecord","type":"method","loc":{"start":{"line":191,"column":4},"end":{"line":207,"column":5}}},{"name":"showToast","type":"method","loc":{"start":{"line":209,"column":4},"end":{"line":211,"column":5}}}],"declarationLoc":{"start":{"line":8,"column":0},"end":{"line":212,"column":1}},"doc":"","exports":[{"type":"ExportDefaultDeclaration"}]},"updatedAt":"2024-08-03T19:32:28.661Z"},{"_allAttributes":null,"_properties":null,"_methods":null,"file":"d:/nestedRelatedList1.2.6-Dynamically adding Columns/nestedRelatedList/force-app/main/default/lwc/editRecordModal/editRecordModal.js","metadata":{"decorators":[{"type":"api","targets":[{"name":"recordId","type":"property","value":{"type":"unresolved"}},{"name":"objectApiName","type":"property","value":{"type":"unresolved"}}]}],"classMembers":[{"name":"recordId","type":"property","value":{"type":"unresolved"},"decorator":"api","loc":{"start":{"line":4,"column":4},"end":{"line":4,"column":18}}},{"name":"objectApiName","type":"property","value":{"type":"unresolved"},"decorator":"api","loc":{"start":{"line":5,"column":4},"end":{"line":5,"column":23}}},{"name":"handleSuccess","type":"method","loc":{"start":{"line":7,"column":4},"end":{"line":9,"column":5}}},{"name":"handleCancel","type":"method","loc":{"start":{"line":11,"column":4},"end":{"line":13,"column":5}}}],"declarationLoc":{"start":{"line":3,"column":0},"end":{"line":14,"column":1}},"doc":"","exports":[{"type":"ExportDefaultDeclaration"}]},"updatedAt":"2024-08-03T19:31:34.151Z"}]