[{"_allAttributes":{"publicAttributes":[{"name":"record-id","memberType":0,"decorator":0,"location":{"uri":"file:///d%3A/NestedRelatedListComp17.8/NestedRelatedListComp16.7/NestedRelatedListComp2/force-app/main/default/lwc/nestedRelatedList/nestedRelatedList.js","range":{"start":{"line":8,"character":4},"end":{"line":8,"character":18}}},"detail":"LWC custom attribute"},{"name":"parent-object-api-name","memberType":0,"decorator":0,"location":{"uri":"file:///d%3A/NestedRelatedListComp17.8/NestedRelatedListComp16.7/NestedRelatedListComp2/force-app/main/default/lwc/nestedRelatedList/nestedRelatedList.js","range":{"start":{"line":9,"character":4},"end":{"line":9,"character":29}}},"detail":"LWC custom attribute"},{"name":"child-object-api-name","memberType":0,"decorator":0,"location":{"uri":"file:///d%3A/NestedRelatedListComp17.8/NestedRelatedListComp16.7/NestedRelatedListComp2/force-app/main/default/lwc/nestedRelatedList/nestedRelatedList.js","range":{"start":{"line":10,"character":4},"end":{"line":10,"character":28}}},"detail":"LWC custom attribute"},{"name":"grandchild-object-api-name","memberType":0,"decorator":0,"location":{"uri":"file:///d%3A/NestedRelatedListComp17.8/NestedRelatedListComp16.7/NestedRelatedListComp2/force-app/main/default/lwc/nestedRelatedList/nestedRelatedList.js","range":{"start":{"line":11,"character":4},"end":{"line":11,"character":33}}},"detail":"LWC custom attribute"},{"name":"child-fieldset","memberType":0,"decorator":0,"location":{"uri":"file:///d%3A/NestedRelatedListComp17.8/NestedRelatedListComp16.7/NestedRelatedListComp2/force-app/main/default/lwc/nestedRelatedList/nestedRelatedList.js","range":{"start":{"line":12,"character":4},"end":{"line":12,"character":23}}},"detail":"LWC custom attribute"},{"name":"grandchild-fieldset","memberType":0,"decorator":0,"location":{"uri":"file:///d%3A/NestedRelatedListComp17.8/NestedRelatedListComp16.7/NestedRelatedListComp2/force-app/main/default/lwc/nestedRelatedList/nestedRelatedList.js","range":{"start":{"line":13,"character":4},"end":{"line":13,"character":28}}},"detail":"LWC custom attribute"},{"name":"parent-field","memberType":0,"decorator":0,"location":{"uri":"file:///d%3A/NestedRelatedListComp17.8/NestedRelatedListComp16.7/NestedRelatedListComp2/force-app/main/default/lwc/nestedRelatedList/nestedRelatedList.js","range":{"start":{"line":14,"character":4},"end":{"line":14,"character":21}}},"detail":"LWC custom attribute"},{"name":"child-field","memberType":0,"decorator":0,"location":{"uri":"file:///d%3A/NestedRelatedListComp17.8/NestedRelatedListComp16.7/NestedRelatedListComp2/force-app/main/default/lwc/nestedRelatedList/nestedRelatedList.js","range":{"start":{"line":15,"character":4},"end":{"line":15,"character":20}}},"detail":"LWC custom attribute"}],"privateAttributes":[{"name":"columns","memberType":0,"decorator":1,"location":{"uri":"file:///d%3A/NestedRelatedListComp17.8/NestedRelatedListComp16.7/NestedRelatedListComp2/force-app/main/default/lwc/nestedRelatedList/nestedRelatedList.js","range":{"start":{"line":17,"character":4},"end":{"line":17,"character":24}}},"detail":"LWC custom attribute"},{"name":"flattened-records","memberType":0,"decorator":1,"location":{"uri":"file:///d%3A/NestedRelatedListComp17.8/NestedRelatedListComp16.7/NestedRelatedListComp2/force-app/main/default/lwc/nestedRelatedList/nestedRelatedList.js","range":{"start":{"line":18,"character":4},"end":{"line":18,"character":33}}},"detail":"LWC custom attribute"},{"name":"sort-by","memberType":0,"decorator":1,"location":{"uri":"file:///d%3A/NestedRelatedListComp17.8/NestedRelatedListComp16.7/NestedRelatedListComp2/force-app/main/default/lwc/nestedRelatedList/nestedRelatedList.js","range":{"start":{"line":19,"character":4},"end":{"line":19,"character":27}}},"detail":"LWC custom attribute"},{"name":"sort-direction","memberType":0,"decorator":1,"location":{"uri":"file:///d%3A/NestedRelatedListComp17.8/NestedRelatedListComp16.7/NestedRelatedListComp2/force-app/main/default/lwc/nestedRelatedList/nestedRelatedList.js","range":{"start":{"line":20,"character":4},"end":{"line":20,"character":33}}},"detail":"LWC custom attribute"},{"name":"search-term","memberType":0,"decorator":1,"location":{"uri":"file:///d%3A/NestedRelatedListComp17.8/NestedRelatedListComp16.7/NestedRelatedListComp2/force-app/main/default/lwc/nestedRelatedList/nestedRelatedList.js","range":{"start":{"line":21,"character":4},"end":{"line":21,"character":27}}},"detail":"LWC custom attribute"},{"name":"page-number","memberType":0,"decorator":1,"location":{"uri":"file:///d%3A/NestedRelatedListComp17.8/NestedRelatedListComp16.7/NestedRelatedListComp2/force-app/main/default/lwc/nestedRelatedList/nestedRelatedList.js","range":{"start":{"line":22,"character":4},"end":{"line":22,"character":26}}},"detail":"LWC custom attribute"},{"name":"page-size","memberType":0,"decorator":1,"location":{"uri":"file:///d%3A/NestedRelatedListComp17.8/NestedRelatedListComp16.7/NestedRelatedListComp2/force-app/main/default/lwc/nestedRelatedList/nestedRelatedList.js","range":{"start":{"line":23,"character":4},"end":{"line":23,"character":25}}},"detail":"LWC custom attribute"},{"name":"total-records","memberType":0,"decorator":1,"location":{"uri":"file:///d%3A/NestedRelatedListComp17.8/NestedRelatedListComp16.7/NestedRelatedListComp2/force-app/main/default/lwc/nestedRelatedList/nestedRelatedList.js","range":{"start":{"line":24,"character":4},"end":{"line":24,"character":28}}},"detail":"LWC custom attribute"},{"name":"is-edit-modal-open","memberType":0,"decorator":1,"location":{"uri":"file:///d%3A/NestedRelatedListComp17.8/NestedRelatedListComp16.7/NestedRelatedListComp2/force-app/main/default/lwc/nestedRelatedList/nestedRelatedList.js","range":{"start":{"line":25,"character":4},"end":{"line":25,"character":35}}},"detail":"LWC custom attribute"},{"name":"record-id-to-edit","memberType":0,"decorator":1,"location":{"uri":"file:///d%3A/NestedRelatedListComp17.8/NestedRelatedListComp16.7/NestedRelatedListComp2/force-app/main/default/lwc/nestedRelatedList/nestedRelatedList.js","range":{"start":{"line":26,"character":4},"end":{"line":26,"character":26}}},"detail":"LWC custom attribute"},{"name":"object-api-name-to-edit","memberType":0,"decorator":1,"location":{"uri":"file:///d%3A/NestedRelatedListComp17.8/NestedRelatedListComp16.7/NestedRelatedListComp2/force-app/main/default/lwc/nestedRelatedList/nestedRelatedList.js","range":{"start":{"line":27,"character":4},"end":{"line":27,"character":31}}},"detail":"LWC custom attribute"},{"name":"column-search-terms","memberType":0,"decorator":1,"location":{"uri":"file:///d%3A/NestedRelatedListComp17.8/NestedRelatedListComp16.7/NestedRelatedListComp2/force-app/main/default/lwc/nestedRelatedList/nestedRelatedList.js","range":{"start":{"line":28,"character":4},"end":{"line":28,"character":34}}},"detail":"LWC custom attribute"},{"name":"last-updated","memberType":0,"decorator":1,"location":{"uri":"file:///d%3A/NestedRelatedListComp17.8/NestedRelatedListComp16.7/NestedRelatedListComp2/force-app/main/default/lwc/nestedRelatedList/nestedRelatedList.js","range":{"start":{"line":29,"character":4},"end":{"line":29,"character":23}}},"detail":"LWC custom attribute"},{"name":"is-resizing","memberType":0,"location":{"uri":"file:///d%3A/NestedRelatedListComp17.8/NestedRelatedListComp16.7/NestedRelatedListComp2/force-app/main/default/lwc/nestedRelatedList/nestedRelatedList.js","range":{"start":{"line":31,"character":4},"end":{"line":31,"character":23}}},"detail":"LWC custom attribute"},{"name":"resize-column-field","memberType":0,"location":{"uri":"file:///d%3A/NestedRelatedListComp17.8/NestedRelatedListComp16.7/NestedRelatedListComp2/force-app/main/default/lwc/nestedRelatedList/nestedRelatedList.js","range":{"start":{"line":32,"character":4},"end":{"line":32,"character":27}}},"detail":"LWC custom attribute"},{"name":"initial-width","memberType":0,"location":{"uri":"file:///d%3A/NestedRelatedListComp17.8/NestedRelatedListComp16.7/NestedRelatedListComp2/force-app/main/default/lwc/nestedRelatedList/nestedRelatedList.js","range":{"start":{"line":33,"character":4},"end":{"line":33,"character":21}}},"detail":"LWC custom attribute"},{"name":"initial-x","memberType":0,"location":{"uri":"file:///d%3A/NestedRelatedListComp17.8/NestedRelatedListComp16.7/NestedRelatedListComp2/force-app/main/default/lwc/nestedRelatedList/nestedRelatedList.js","range":{"start":{"line":34,"character":4},"end":{"line":34,"character":17}}},"detail":"LWC custom attribute"},{"name":"object-hierarchy-title","memberType":0,"location":{"uri":"file:///d%3A/NestedRelatedListComp17.8/NestedRelatedListComp16.7/NestedRelatedListComp2/force-app/main/default/lwc/nestedRelatedList/nestedRelatedList.js","range":{"start":{"line":45,"character":4},"end":{"line":47,"character":5}}},"detail":"LWC custom attribute"},{"name":"handle-resize-move","memberType":0,"location":{"uri":"file:///d%3A/NestedRelatedListComp17.8/NestedRelatedListComp16.7/NestedRelatedListComp2/force-app/main/default/lwc/nestedRelatedList/nestedRelatedList.js","range":{"start":{"line":71,"character":4},"end":{"line":84,"character":5}}},"detail":"LWC custom attribute"},{"name":"handle-resize-end","memberType":0,"location":{"uri":"file:///d%3A/NestedRelatedListComp17.8/NestedRelatedListComp16.7/NestedRelatedListComp2/force-app/main/default/lwc/nestedRelatedList/nestedRelatedList.js","range":{"start":{"line":86,"character":4},"end":{"line":94,"character":5}}},"detail":"LWC custom attribute"},{"name":"last-updated-formatted","memberType":0,"location":{"uri":"file:///d%3A/NestedRelatedListComp17.8/NestedRelatedListComp16.7/NestedRelatedListComp2/force-app/main/default/lwc/nestedRelatedList/nestedRelatedList.js","range":{"start":{"line":155,"character":4},"end":{"line":160,"character":5}}},"detail":"LWC custom attribute"},{"name":"edit-fieldset","memberType":0,"location":{"uri":"file:///d%3A/NestedRelatedListComp17.8/NestedRelatedListComp16.7/NestedRelatedListComp2/force-app/main/default/lwc/nestedRelatedList/nestedRelatedList.js","range":{"start":{"line":302,"character":4},"end":{"line":304,"character":5}}},"detail":"LWC custom attribute"},{"name":"column-count","memberType":0,"location":{"uri":"file:///d%3A/NestedRelatedListComp17.8/NestedRelatedListComp16.7/NestedRelatedListComp2/force-app/main/default/lwc/nestedRelatedList/nestedRelatedList.js","range":{"start":{"line":345,"character":4},"end":{"line":347,"character":5}}},"detail":"LWC custom attribute"},{"name":"is-previous-disabled","memberType":0,"location":{"uri":"file:///d%3A/NestedRelatedListComp17.8/NestedRelatedListComp16.7/NestedRelatedListComp2/force-app/main/default/lwc/nestedRelatedList/nestedRelatedList.js","range":{"start":{"line":396,"character":4},"end":{"line":398,"character":5}}},"detail":"LWC custom attribute"},{"name":"is-next-disabled","memberType":0,"location":{"uri":"file:///d%3A/NestedRelatedListComp17.8/NestedRelatedListComp16.7/NestedRelatedListComp2/force-app/main/default/lwc/nestedRelatedList/nestedRelatedList.js","range":{"start":{"line":400,"character":4},"end":{"line":402,"character":5}}},"detail":"LWC custom attribute"}]},"_properties":null,"_methods":[{"name":"connectedCallback","type":"method","loc":{"start":{"line":37,"column":4},"end":{"line":44,"column":5}}},{"name":"getObjectApiName","type":"method","loc":{"start":{"line":51,"column":4},"end":{"line":57,"column":5}}},{"name":"handleResizeStart","type":"method","loc":{"start":{"line":60,"column":4},"end":{"line":70,"column":5}}},{"name":"loadChildRecords","type":"method","loc":{"start":{"line":97,"column":4},"end":{"line":121,"column":5}}},{"name":"handleRecordUpdated","type":"method","loc":{"start":{"line":123,"column":4},"end":{"line":150,"column":5}}},{"name":"updateLastUpdatedTime","type":"method","loc":{"start":{"line":152,"column":4},"end":{"line":154,"column":5}}},{"name":"updateColumnsWithSortData","type":"method","loc":{"start":{"line":163,"column":4},"end":{"line":172,"column":5}}},{"name":"getSortIconName","type":"method","loc":{"start":{"line":174,"column":4},"end":{"line":177,"column":5}}},{"name":"getSortDirection","type":"method","loc":{"start":{"line":179,"column":4},"end":{"line":181,"column":5}}},{"name":"getSortAssistiveText","type":"method","loc":{"start":{"line":183,"column":4},"end":{"line":185,"column":5}}},{"name":"processRecords","type":"method","loc":{"start":{"line":187,"column":4},"end":{"line":193,"column":5}}},{"name":"createFlattenedRecord","type":"method","loc":{"start":{"line":195,"column":4},"end":{"line":211,"column":5}}},{"name":"handleNameClick","type":"method","loc":{"start":{"line":213,"column":4},"end":{"line":226,"column":5}}},{"name":"handleRowToggle","type":"method","loc":{"start":{"line":228,"column":4},"end":{"line":238,"column":5}}},{"name":"handleSort","type":"method","loc":{"start":{"line":240,"column":4},"end":{"line":245,"column":5}}},{"name":"handleSearch","type":"method","loc":{"start":{"line":247,"column":4},"end":{"line":250,"column":5}}},{"name":"handleRowAction","type":"method","loc":{"start":{"line":252,"column":4},"end":{"line":261,"column":5}}},{"name":"editRecord","type":"method","loc":{"start":{"line":263,"column":4},"end":{"line":267,"column":5}}},{"name":"closeModal","type":"method","loc":{"start":{"line":269,"column":4},"end":{"line":274,"column":5}}},{"name":"refreshChildRecord","type":"method","loc":{"start":{"line":276,"column":4},"end":{"line":301,"column":5}}},{"name":"deleteChildRecord","type":"method","loc":{"start":{"line":307,"column":4},"end":{"line":317,"column":5}}},{"name":"removeRecordFromList","type":"method","loc":{"start":{"line":319,"column":4},"end":{"line":321,"column":5}}},{"name":"handlePrevious","type":"method","loc":{"start":{"line":323,"column":4},"end":{"line":328,"column":5}}},{"name":"handleNext","type":"method","loc":{"start":{"line":330,"column":4},"end":{"line":335,"column":5}}},{"name":"showToast","type":"method","loc":{"start":{"line":337,"column":4},"end":{"line":344,"column":5}}},{"name":"toggleSearchInput","type":"method","loc":{"start":{"line":350,"column":4},"end":{"line":357,"column":5}}},{"name":"handleColumnSearch","type":"method","loc":{"start":{"line":359,"column":4},"end":{"line":379,"column":5}}},{"name":"filterRecords","type":"method","loc":{"start":{"line":381,"column":4},"end":{"line":395,"column":5}}}],"file":"d:/NestedRelatedListComp17.8/NestedRelatedListComp16.7/NestedRelatedListComp2/force-app/main/default/lwc/nestedRelatedList/nestedRelatedList.js","metadata":{"decorators":[{"type":"api","targets":[{"name":"recordId","type":"property","value":{"type":"unresolved"}},{"name":"parentObjectApiName","type":"property","value":{"type":"unresolved"}},{"name":"childObjectApiName","type":"property","value":{"type":"unresolved"}},{"name":"grandchildObjectApiName","type":"property","value":{"type":"unresolved"}},{"name":"childFieldset","type":"property","value":{"type":"unresolved"}},{"name":"grandchildFieldset","type":"property","value":{"type":"unresolved"}},{"name":"parentField","type":"property","value":{"type":"unresolved"}},{"name":"childField","type":"property","value":{"type":"unresolved"}}]},{"type":"track","targets":[{"name":"columns","type":"property"},{"name":"flattenedRecords","type":"property"},{"name":"sortBy","type":"property"},{"name":"sortDirection","type":"property"},{"name":"searchTerm","type":"property"},{"name":"pageNumber","type":"property"},{"name":"pageSize","type":"property"},{"name":"totalRecords","type":"property"},{"name":"isEditModalOpen","type":"property"},{"name":"recordIdToEdit","type":"property"},{"name":"objectApiNameToEdit","type":"property"},{"name":"columnSearchTerms","type":"property"},{"name":"lastUpdated","type":"property"}]}],"classMembers":[{"name":"recordId","type":"property","value":{"type":"unresolved"},"decorator":"api","loc":{"start":{"line":9,"column":4},"end":{"line":9,"column":18}}},{"name":"parentObjectApiName","type":"property","value":{"type":"unresolved"},"decorator":"api","loc":{"start":{"line":10,"column":4},"end":{"line":10,"column":29}}},{"name":"childObjectApiName","type":"property","value":{"type":"unresolved"},"decorator":"api","loc":{"start":{"line":11,"column":4},"end":{"line":11,"column":28}}},{"name":"grandchildObjectApiName","type":"property","value":{"type":"unresolved"},"decorator":"api","loc":{"start":{"line":12,"column":4},"end":{"line":12,"column":33}}},{"name":"childFieldset","type":"property","value":{"type":"unresolved"},"decorator":"api","loc":{"start":{"line":13,"column":4},"end":{"line":13,"column":23}}},{"name":"grandchildFieldset","type":"property","value":{"type":"unresolved"},"decorator":"api","loc":{"start":{"line":14,"column":4},"end":{"line":14,"column":28}}},{"name":"parentField","type":"property","value":{"type":"unresolved"},"decorator":"api","loc":{"start":{"line":15,"column":4},"end":{"line":15,"column":21}}},{"name":"childField","type":"property","value":{"type":"unresolved"},"decorator":"api","loc":{"start":{"line":16,"column":4},"end":{"line":16,"column":20}}},{"name":"columns","type":"property","decorator":"track","loc":{"start":{"line":18,"column":4},"end":{"line":18,"column":24}}},{"name":"flattenedRecords","type":"property","decorator":"track","loc":{"start":{"line":19,"column":4},"end":{"line":19,"column":33}}},{"name":"sortBy","type":"property","decorator":"track","loc":{"start":{"line":20,"column":4},"end":{"line":20,"column":27}}},{"name":"sortDirection","type":"property","decorator":"track","loc":{"start":{"line":21,"column":4},"end":{"line":21,"column":33}}},{"name":"searchTerm","type":"property","decorator":"track","loc":{"start":{"line":22,"column":4},"end":{"line":22,"column":27}}},{"name":"pageNumber","type":"property","decorator":"track","loc":{"start":{"line":23,"column":4},"end":{"line":23,"column":26}}},{"name":"pageSize","type":"property","decorator":"track","loc":{"start":{"line":24,"column":4},"end":{"line":24,"column":25}}},{"name":"totalRecords","type":"property","decorator":"track","loc":{"start":{"line":25,"column":4},"end":{"line":25,"column":28}}},{"name":"isEditModalOpen","type":"property","value":{"type":"boolean","value":false},"decorator":"track","loc":{"start":{"line":26,"column":4},"end":{"line":26,"column":35}}},{"name":"recordIdToEdit","type":"property","decorator":"track","loc":{"start":{"line":27,"column":4},"end":{"line":27,"column":26}}},{"name":"objectApiNameToEdit","type":"property","decorator":"track","loc":{"start":{"line":28,"column":4},"end":{"line":28,"column":31}}},{"name":"columnSearchTerms","type":"property","value":{"type":"object","value":{}},"decorator":"track","loc":{"start":{"line":29,"column":4},"end":{"line":29,"column":34}}},{"name":"lastUpdated","type":"property","decorator":"track","loc":{"start":{"line":30,"column":4},"end":{"line":30,"column":23}}},{"name":"isResizing","type":"property","value":{"type":"boolean","value":false},"loc":{"start":{"line":32,"column":4},"end":{"line":32,"column":23}}},{"name":"resizeColumnField","type":"property","value":{"type":"string","value":""},"loc":{"start":{"line":33,"column":4},"end":{"line":33,"column":27}}},{"name":"initialWidth","type":"property","loc":{"start":{"line":34,"column":4},"end":{"line":34,"column":21}}},{"name":"initialX","type":"property","loc":{"start":{"line":35,"column":4},"end":{"line":35,"column":17}}},{"name":"connectedCallback","type":"method","loc":{"start":{"line":37,"column":4},"end":{"line":44,"column":5}}},{"name":"objectHierarchyTitle","type":"property","loc":{"start":{"line":46,"column":4},"end":{"line":48,"column":5}}},{"name":"getObjectApiName","type":"method","loc":{"start":{"line":51,"column":4},"end":{"line":57,"column":5}}},{"name":"handleResizeStart","type":"method","loc":{"start":{"line":60,"column":4},"end":{"line":70,"column":5}}},{"name":"handleResizeMove","type":"property","value":{"type":"unresolved"},"loc":{"start":{"line":72,"column":4},"end":{"line":85,"column":5}}},{"name":"handleResizeEnd","type":"property","value":{"type":"unresolved"},"loc":{"start":{"line":87,"column":4},"end":{"line":95,"column":5}}},{"name":"loadChildRecords","type":"method","loc":{"start":{"line":97,"column":4},"end":{"line":121,"column":5}}},{"name":"handleRecordUpdated","type":"method","loc":{"start":{"line":123,"column":4},"end":{"line":150,"column":5}}},{"name":"updateLastUpdatedTime","type":"method","loc":{"start":{"line":152,"column":4},"end":{"line":154,"column":5}}},{"name":"lastUpdatedFormatted","type":"property","loc":{"start":{"line":156,"column":4},"end":{"line":161,"column":5}}},{"name":"updateColumnsWithSortData","type":"method","loc":{"start":{"line":163,"column":4},"end":{"line":172,"column":5}}},{"name":"getSortIconName","type":"method","loc":{"start":{"line":174,"column":4},"end":{"line":177,"column":5}}},{"name":"getSortDirection","type":"method","loc":{"start":{"line":179,"column":4},"end":{"line":181,"column":5}}},{"name":"getSortAssistiveText","type":"method","loc":{"start":{"line":183,"column":4},"end":{"line":185,"column":5}}},{"name":"processRecords","type":"method","loc":{"start":{"line":187,"column":4},"end":{"line":193,"column":5}}},{"name":"createFlattenedRecord","type":"method","loc":{"start":{"line":195,"column":4},"end":{"line":211,"column":5}}},{"name":"handleNameClick","type":"method","loc":{"start":{"line":213,"column":4},"end":{"line":226,"column":5}}},{"name":"handleRowToggle","type":"method","loc":{"start":{"line":228,"column":4},"end":{"line":238,"column":5}}},{"name":"handleSort","type":"method","loc":{"start":{"line":240,"column":4},"end":{"line":245,"column":5}}},{"name":"handleSearch","type":"method","loc":{"start":{"line":247,"column":4},"end":{"line":250,"column":5}}},{"name":"handleRowAction","type":"method","loc":{"start":{"line":252,"column":4},"end":{"line":261,"column":5}}},{"name":"editRecord","type":"method","loc":{"start":{"line":263,"column":4},"end":{"line":267,"column":5}}},{"name":"closeModal","type":"method","loc":{"start":{"line":269,"column":4},"end":{"line":274,"column":5}}},{"name":"refreshChildRecord","type":"method","loc":{"start":{"line":276,"column":4},"end":{"line":301,"column":5}}},{"name":"editFieldset","type":"property","loc":{"start":{"line":303,"column":4},"end":{"line":305,"column":5}}},{"name":"deleteChildRecord","type":"method","loc":{"start":{"line":307,"column":4},"end":{"line":317,"column":5}}},{"name":"removeRecordFromList","type":"method","loc":{"start":{"line":319,"column":4},"end":{"line":321,"column":5}}},{"name":"handlePrevious","type":"method","loc":{"start":{"line":323,"column":4},"end":{"line":328,"column":5}}},{"name":"handleNext","type":"method","loc":{"start":{"line":330,"column":4},"end":{"line":335,"column":5}}},{"name":"showToast","type":"method","loc":{"start":{"line":337,"column":4},"end":{"line":344,"column":5}}},{"name":"columnCount","type":"property","loc":{"start":{"line":346,"column":4},"end":{"line":348,"column":5}}},{"name":"toggleSearchInput","type":"method","loc":{"start":{"line":350,"column":4},"end":{"line":357,"column":5}}},{"name":"handleColumnSearch","type":"method","loc":{"start":{"line":359,"column":4},"end":{"line":379,"column":5}}},{"name":"filterRecords","type":"method","loc":{"start":{"line":381,"column":4},"end":{"line":395,"column":5}}},{"name":"isPreviousDisabled","type":"property","loc":{"start":{"line":397,"column":4},"end":{"line":399,"column":5}}},{"name":"isNextDisabled","type":"property","loc":{"start":{"line":401,"column":4},"end":{"line":403,"column":5}}}],"declarationLoc":{"start":{"line":8,"column":0},"end":{"line":404,"column":1}},"doc":"","exports":[{"type":"ExportDefaultDeclaration"}]},"updatedAt":"2024-08-14T20:21:01.836Z"},{"_allAttributes":{"publicAttributes":[{"name":"record-id","memberType":0,"decorator":0,"location":{"uri":"file:///d%3A/NestedRelatedListComp17.8/NestedRelatedListComp16.7/NestedRelatedListComp2/force-app/main/default/lwc/editRecordModal/editRecordModal.js","range":{"start":{"line":6,"character":4},"end":{"line":6,"character":18}}},"detail":"LWC custom attribute"},{"name":"object-api-name","memberType":0,"decorator":0,"location":{"uri":"file:///d%3A/NestedRelatedListComp17.8/NestedRelatedListComp16.7/NestedRelatedListComp2/force-app/main/default/lwc/editRecordModal/editRecordModal.js","range":{"start":{"line":7,"character":4},"end":{"line":7,"character":23}}},"detail":"LWC custom attribute"},{"name":"field-set","memberType":0,"decorator":0,"location":{"uri":"file:///d%3A/NestedRelatedListComp17.8/NestedRelatedListComp16.7/NestedRelatedListComp2/force-app/main/default/lwc/editRecordModal/editRecordModal.js","range":{"start":{"line":8,"character":4},"end":{"line":8,"character":18}}},"detail":"LWC custom attribute"}],"privateAttributes":[{"name":"fields","memberType":0,"decorator":1,"location":{"uri":"file:///d%3A/NestedRelatedListComp17.8/NestedRelatedListComp16.7/NestedRelatedListComp2/force-app/main/default/lwc/editRecordModal/editRecordModal.js","range":{"start":{"line":10,"character":4},"end":{"line":10,"character":23}}},"detail":"LWC custom attribute"}]},"_properties":null,"_methods":[{"name":"connectedCallback","type":"method","loc":{"start":{"line":13,"column":4},"end":{"line":15,"column":5}}},{"name":"refreshFields","type":"method","decorator":"api","loc":{"start":{"line":17,"column":4},"end":{"line":20,"column":5}}},{"name":"loadFieldSetFields","type":"method","loc":{"start":{"line":22,"column":4},"end":{"line":32,"column":5}}},{"name":"handleSuccess","type":"method","loc":{"start":{"line":34,"column":4},"end":{"line":49,"column":5}}},{"name":"handleCancel","type":"method","loc":{"start":{"line":51,"column":4},"end":{"line":53,"column":5}}},{"name":"handleSave","type":"method","loc":{"start":{"line":55,"column":4},"end":{"line":57,"column":5}}}],"file":"d:/NestedRelatedListComp17.8/NestedRelatedListComp16.7/NestedRelatedListComp2/force-app/main/default/lwc/editRecordModal/editRecordModal.js","metadata":{"decorators":[{"type":"api","targets":[{"name":"recordId","type":"property","value":{"type":"unresolved"}},{"name":"objectApiName","type":"property","value":{"type":"unresolved"}},{"name":"fieldSet","type":"property","value":{"type":"unresolved"}},{"type":"method","name":"refreshFields"}]},{"type":"track","targets":[{"name":"fields","type":"property"}]}],"classMembers":[{"name":"recordId","type":"property","value":{"type":"unresolved"},"decorator":"api","loc":{"start":{"line":7,"column":4},"end":{"line":7,"column":18}}},{"name":"objectApiName","type":"property","value":{"type":"unresolved"},"decorator":"api","loc":{"start":{"line":8,"column":4},"end":{"line":8,"column":23}}},{"name":"fieldSet","type":"property","value":{"type":"unresolved"},"decorator":"api","loc":{"start":{"line":9,"column":4},"end":{"line":9,"column":18}}},{"name":"fields","type":"property","decorator":"track","loc":{"start":{"line":11,"column":4},"end":{"line":11,"column":23}}},{"name":"connectedCallback","type":"method","loc":{"start":{"line":13,"column":4},"end":{"line":15,"column":5}}},{"name":"refreshFields","type":"method","decorator":"api","loc":{"start":{"line":17,"column":4},"end":{"line":20,"column":5}}},{"name":"loadFieldSetFields","type":"method","loc":{"start":{"line":22,"column":4},"end":{"line":32,"column":5}}},{"name":"handleSuccess","type":"method","loc":{"start":{"line":34,"column":4},"end":{"line":49,"column":5}}},{"name":"handleCancel","type":"method","loc":{"start":{"line":51,"column":4},"end":{"line":53,"column":5}}},{"name":"handleSave","type":"method","loc":{"start":{"line":55,"column":4},"end":{"line":57,"column":5}}}],"declarationLoc":{"start":{"line":6,"column":0},"end":{"line":58,"column":1}},"doc":"","exports":[{"type":"ExportDefaultDeclaration"}]},"updatedAt":"2024-08-14T11:13:51.842Z"},{"_allAttributes":{"publicAttributes":[{"name":"child-id","memberType":0,"decorator":0,"location":{"uri":"file:///d%3A/NestedRelatedListComp17.8/NestedRelatedListComp16.7/NestedRelatedListComp2/force-app/main/default/lwc/grandchildRelatedList/grandchildRelatedList.js","range":{"start":{"line":7,"character":4},"end":{"line":7,"character":17}}},"detail":"LWC custom attribute"},{"name":"grandchild-object-api-name","memberType":0,"decorator":0,"location":{"uri":"file:///d%3A/NestedRelatedListComp17.8/NestedRelatedListComp16.7/NestedRelatedListComp2/force-app/main/default/lwc/grandchildRelatedList/grandchildRelatedList.js","range":{"start":{"line":8,"character":4},"end":{"line":8,"character":33}}},"detail":"LWC custom attribute"},{"name":"grandchild-fieldset","memberType":0,"decorator":0,"location":{"uri":"file:///d%3A/NestedRelatedListComp17.8/NestedRelatedListComp16.7/NestedRelatedListComp2/force-app/main/default/lwc/grandchildRelatedList/grandchildRelatedList.js","range":{"start":{"line":9,"character":4},"end":{"line":9,"character":28}}},"detail":"LWC custom attribute"},{"name":"child-field","memberType":0,"decorator":0,"location":{"uri":"file:///d%3A/NestedRelatedListComp17.8/NestedRelatedListComp16.7/NestedRelatedListComp2/force-app/main/default/lwc/grandchildRelatedList/grandchildRelatedList.js","range":{"start":{"line":10,"character":4},"end":{"line":10,"character":20}}},"detail":"LWC custom attribute"}],"privateAttributes":[{"name":"columns","memberType":0,"decorator":1,"location":{"uri":"file:///d%3A/NestedRelatedListComp17.8/NestedRelatedListComp16.7/NestedRelatedListComp2/force-app/main/default/lwc/grandchildRelatedList/grandchildRelatedList.js","range":{"start":{"line":12,"character":4},"end":{"line":12,"character":24}}},"detail":"LWC custom attribute"},{"name":"grandchild-records","memberType":0,"decorator":1,"location":{"uri":"file:///d%3A/NestedRelatedListComp17.8/NestedRelatedListComp16.7/NestedRelatedListComp2/force-app/main/default/lwc/grandchildRelatedList/grandchildRelatedList.js","range":{"start":{"line":13,"character":4},"end":{"line":13,"character":34}}},"detail":"LWC custom attribute"},{"name":"filtered-records","memberType":0,"decorator":1,"location":{"uri":"file:///d%3A/NestedRelatedListComp17.8/NestedRelatedListComp16.7/NestedRelatedListComp2/force-app/main/default/lwc/grandchildRelatedList/grandchildRelatedList.js","range":{"start":{"line":14,"character":4},"end":{"line":14,"character":32}}},"detail":"LWC custom attribute"},{"name":"is-loading","memberType":0,"decorator":1,"location":{"uri":"file:///d%3A/NestedRelatedListComp17.8/NestedRelatedListComp16.7/NestedRelatedListComp2/force-app/main/default/lwc/grandchildRelatedList/grandchildRelatedList.js","range":{"start":{"line":15,"character":4},"end":{"line":15,"character":28}}},"detail":"LWC custom attribute"},{"name":"sort-by","memberType":0,"decorator":1,"location":{"uri":"file:///d%3A/NestedRelatedListComp17.8/NestedRelatedListComp16.7/NestedRelatedListComp2/force-app/main/default/lwc/grandchildRelatedList/grandchildRelatedList.js","range":{"start":{"line":16,"character":4},"end":{"line":16,"character":18}}},"detail":"LWC custom attribute"},{"name":"sort-direction","memberType":0,"decorator":1,"location":{"uri":"file:///d%3A/NestedRelatedListComp17.8/NestedRelatedListComp16.7/NestedRelatedListComp2/force-app/main/default/lwc/grandchildRelatedList/grandchildRelatedList.js","range":{"start":{"line":17,"character":4},"end":{"line":17,"character":33}}},"detail":"LWC custom attribute"},{"name":"is-edit-modal-open","memberType":0,"decorator":1,"location":{"uri":"file:///d%3A/NestedRelatedListComp17.8/NestedRelatedListComp16.7/NestedRelatedListComp2/force-app/main/default/lwc/grandchildRelatedList/grandchildRelatedList.js","range":{"start":{"line":18,"character":4},"end":{"line":18,"character":35}}},"detail":"LWC custom attribute"},{"name":"record-id-to-edit","memberType":0,"decorator":1,"location":{"uri":"file:///d%3A/NestedRelatedListComp17.8/NestedRelatedListComp16.7/NestedRelatedListComp2/force-app/main/default/lwc/grandchildRelatedList/grandchildRelatedList.js","range":{"start":{"line":19,"character":4},"end":{"line":19,"character":26}}},"detail":"LWC custom attribute"},{"name":"search-terms","memberType":0,"decorator":1,"location":{"uri":"file:///d%3A/NestedRelatedListComp17.8/NestedRelatedListComp16.7/NestedRelatedListComp2/force-app/main/default/lwc/grandchildRelatedList/grandchildRelatedList.js","range":{"start":{"line":20,"character":4},"end":{"line":20,"character":28}}},"detail":"LWC custom attribute"}]},"_properties":null,"_methods":[{"name":"refreshData","type":"method","decorator":"api","loc":{"start":{"line":23,"column":4},"end":{"line":26,"column":5}}},{"name":"handleRecordUpdated","type":"method","loc":{"start":{"line":28,"column":4},"end":{"line":52,"column":5}}},{"name":"connectedCallback","type":"method","loc":{"start":{"line":54,"column":4},"end":{"line":56,"column":5}}},{"name":"loadGrandchildRecords","type":"method","loc":{"start":{"line":58,"column":4},"end":{"line":77,"column":5}}},{"name":"transformColumns","type":"method","loc":{"start":{"line":79,"column":4},"end":{"line":94,"column":5}}},{"name":"getRowActions","type":"method","loc":{"start":{"line":96,"column":4},"end":{"line":102,"column":5}}},{"name":"handleSort","type":"method","loc":{"start":{"line":104,"column":4},"end":{"line":110,"column":5}}},{"name":"sortData","type":"method","loc":{"start":{"line":112,"column":4},"end":{"line":126,"column":5}}},{"name":"handleRowAction","type":"method","loc":{"start":{"line":128,"column":4},"end":{"line":139,"column":5}}},{"name":"editRecord","type":"method","loc":{"start":{"line":141,"column":4},"end":{"line":144,"column":5}}},{"name":"closeEditModal","type":"method","loc":{"start":{"line":146,"column":4},"end":{"line":151,"column":5}}},{"name":"deleteRecord","type":"method","loc":{"start":{"line":153,"column":4},"end":{"line":165,"column":5}}},{"name":"removeRecordFromList","type":"method","loc":{"start":{"line":167,"column":4},"end":{"line":170,"column":5}}},{"name":"showToast","type":"method","loc":{"start":{"line":172,"column":4},"end":{"line":179,"column":5}}},{"name":"handleSearch","type":"method","loc":{"start":{"line":181,"column":4},"end":{"line":187,"column":5}}},{"name":"filterRecords","type":"method","loc":{"start":{"line":189,"column":4},"end":{"line":201,"column":5}}}],"file":"d:/NestedRelatedListComp17.8/NestedRelatedListComp16.7/NestedRelatedListComp2/force-app/main/default/lwc/grandchildRelatedList/grandchildRelatedList.js","metadata":{"decorators":[{"type":"api","targets":[{"name":"childId","type":"property","value":{"type":"unresolved"}},{"name":"grandchildObjectApiName","type":"property","value":{"type":"unresolved"}},{"name":"grandchildFieldset","type":"property","value":{"type":"unresolved"}},{"name":"childField","type":"property","value":{"type":"unresolved"}},{"type":"method","name":"refreshData"}]},{"type":"track","targets":[{"name":"columns","type":"property"},{"name":"grandchildRecords","type":"property"},{"name":"filteredRecords","type":"property"},{"name":"isLoading","type":"property"},{"name":"sortBy","type":"property"},{"name":"sortDirection","type":"property"},{"name":"isEditModalOpen","type":"property"},{"name":"recordIdToEdit","type":"property"},{"name":"searchTerms","type":"property"}]}],"classMembers":[{"name":"childId","type":"property","value":{"type":"unresolved"},"decorator":"api","loc":{"start":{"line":8,"column":4},"end":{"line":8,"column":17}}},{"name":"grandchildObjectApiName","type":"property","value":{"type":"unresolved"},"decorator":"api","loc":{"start":{"line":9,"column":4},"end":{"line":9,"column":33}}},{"name":"grandchildFieldset","type":"property","value":{"type":"unresolved"},"decorator":"api","loc":{"start":{"line":10,"column":4},"end":{"line":10,"column":28}}},{"name":"childField","type":"property","value":{"type":"unresolved"},"decorator":"api","loc":{"start":{"line":11,"column":4},"end":{"line":11,"column":20}}},{"name":"columns","type":"property","decorator":"track","loc":{"start":{"line":13,"column":4},"end":{"line":13,"column":24}}},{"name":"grandchildRecords","type":"property","decorator":"track","loc":{"start":{"line":14,"column":4},"end":{"line":14,"column":34}}},{"name":"filteredRecords","type":"property","decorator":"track","loc":{"start":{"line":15,"column":4},"end":{"line":15,"column":32}}},{"name":"isLoading","type":"property","value":{"type":"boolean","value":true},"decorator":"track","loc":{"start":{"line":16,"column":4},"end":{"line":16,"column":28}}},{"name":"sortBy","type":"property","decorator":"track","loc":{"start":{"line":17,"column":4},"end":{"line":17,"column":18}}},{"name":"sortDirection","type":"property","decorator":"track","loc":{"start":{"line":18,"column":4},"end":{"line":18,"column":33}}},{"name":"isEditModalOpen","type":"property","value":{"type":"boolean","value":false},"decorator":"track","loc":{"start":{"line":19,"column":4},"end":{"line":19,"column":35}}},{"name":"recordIdToEdit","type":"property","decorator":"track","loc":{"start":{"line":20,"column":4},"end":{"line":20,"column":26}}},{"name":"searchTerms","type":"property","value":{"type":"object","value":{}},"decorator":"track","loc":{"start":{"line":21,"column":4},"end":{"line":21,"column":28}}},{"name":"refreshData","type":"method","decorator":"api","loc":{"start":{"line":23,"column":4},"end":{"line":26,"column":5}}},{"name":"handleRecordUpdated","type":"method","loc":{"start":{"line":28,"column":4},"end":{"line":52,"column":5}}},{"name":"connectedCallback","type":"method","loc":{"start":{"line":54,"column":4},"end":{"line":56,"column":5}}},{"name":"loadGrandchildRecords","type":"method","loc":{"start":{"line":58,"column":4},"end":{"line":77,"column":5}}},{"name":"transformColumns","type":"method","loc":{"start":{"line":79,"column":4},"end":{"line":94,"column":5}}},{"name":"getRowActions","type":"method","loc":{"start":{"line":96,"column":4},"end":{"line":102,"column":5}}},{"name":"handleSort","type":"method","loc":{"start":{"line":104,"column":4},"end":{"line":110,"column":5}}},{"name":"sortData","type":"method","loc":{"start":{"line":112,"column":4},"end":{"line":126,"column":5}}},{"name":"handleRowAction","type":"method","loc":{"start":{"line":128,"column":4},"end":{"line":139,"column":5}}},{"name":"editRecord","type":"method","loc":{"start":{"line":141,"column":4},"end":{"line":144,"column":5}}},{"name":"closeEditModal","type":"method","loc":{"start":{"line":146,"column":4},"end":{"line":151,"column":5}}},{"name":"deleteRecord","type":"method","loc":{"start":{"line":153,"column":4},"end":{"line":165,"column":5}}},{"name":"removeRecordFromList","type":"method","loc":{"start":{"line":167,"column":4},"end":{"line":170,"column":5}}},{"name":"showToast","type":"method","loc":{"start":{"line":172,"column":4},"end":{"line":179,"column":5}}},{"name":"handleSearch","type":"method","loc":{"start":{"line":181,"column":4},"end":{"line":187,"column":5}}},{"name":"filterRecords","type":"method","loc":{"start":{"line":189,"column":4},"end":{"line":201,"column":5}}}],"declarationLoc":{"start":{"line":7,"column":0},"end":{"line":202,"column":1}},"doc":"","exports":[{"type":"ExportDefaultDeclaration"}]},"updatedAt":"2024-08-14T11:10:56.065Z"}]