[{"_allAttributes":null,"_properties":null,"_methods":null,"file":"d:/NestedRelatedListComp17.8.1/NestedRelatedListComp16.7/NestedRelatedListComp2/force-app/main/default/lwc/nestedRelatedList/nestedRelatedList.js","metadata":{"decorators":[{"type":"api","targets":[{"name":"recordId","type":"property","value":{"type":"unresolved"}},{"name":"parentObjectApiName","type":"property","value":{"type":"unresolved"}},{"name":"childObjectApiName","type":"property","value":{"type":"unresolved"}},{"name":"grandchildObjectApiName","type":"property","value":{"type":"unresolved"}},{"name":"childFieldset","type":"property","value":{"type":"unresolved"}},{"name":"grandchildFieldset","type":"property","value":{"type":"unresolved"}},{"name":"parentField","type":"property","value":{"type":"unresolved"}},{"name":"childField","type":"property","value":{"type":"unresolved"}}]},{"type":"track","targets":[{"name":"columns","type":"property"},{"name":"flattenedRecords","type":"property"},{"name":"sortBy","type":"property"},{"name":"sortDirection","type":"property"},{"name":"searchTerm","type":"property"},{"name":"pageNumber","type":"property"},{"name":"pageSize","type":"property"},{"name":"totalRecords","type":"property"},{"name":"isEditModalOpen","type":"property"},{"name":"recordIdToEdit","type":"property"},{"name":"objectApiNameToEdit","type":"property"},{"name":"columnSearchTerms","type":"property"},{"name":"lastUpdated","type":"property"}]}],"classMembers":[{"name":"recordId","type":"property","value":{"type":"unresolved"},"decorator":"api","loc":{"start":{"line":9,"column":4},"end":{"line":9,"column":18}}},{"name":"parentObjectApiName","type":"property","value":{"type":"unresolved"},"decorator":"api","loc":{"start":{"line":10,"column":4},"end":{"line":10,"column":29}}},{"name":"childObjectApiName","type":"property","value":{"type":"unresolved"},"decorator":"api","loc":{"start":{"line":11,"column":4},"end":{"line":11,"column":28}}},{"name":"grandchildObjectApiName","type":"property","value":{"type":"unresolved"},"decorator":"api","loc":{"start":{"line":12,"column":4},"end":{"line":12,"column":33}}},{"name":"childFieldset","type":"property","value":{"type":"unresolved"},"decorator":"api","loc":{"start":{"line":13,"column":4},"end":{"line":13,"column":23}}},{"name":"grandchildFieldset","type":"property","value":{"type":"unresolved"},"decorator":"api","loc":{"start":{"line":14,"column":4},"end":{"line":14,"column":28}}},{"name":"parentField","type":"property","value":{"type":"unresolved"},"decorator":"api","loc":{"start":{"line":15,"column":4},"end":{"line":15,"column":21}}},{"name":"childField","type":"property","value":{"type":"unresolved"},"decorator":"api","loc":{"start":{"line":16,"column":4},"end":{"line":16,"column":20}}},{"name":"columns","type":"property","decorator":"track","loc":{"start":{"line":18,"column":4},"end":{"line":18,"column":24}}},{"name":"flattenedRecords","type":"property","decorator":"track","loc":{"start":{"line":19,"column":4},"end":{"line":19,"column":33}}},{"name":"sortBy","type":"property","decorator":"track","loc":{"start":{"line":20,"column":4},"end":{"line":20,"column":27}}},{"name":"sortDirection","type":"property","decorator":"track","loc":{"start":{"line":21,"column":4},"end":{"line":21,"column":33}}},{"name":"searchTerm","type":"property","decorator":"track","loc":{"start":{"line":22,"column":4},"end":{"line":22,"column":27}}},{"name":"pageNumber","type":"property","decorator":"track","loc":{"start":{"line":23,"column":4},"end":{"line":23,"column":26}}},{"name":"pageSize","type":"property","decorator":"track","loc":{"start":{"line":24,"column":4},"end":{"line":24,"column":25}}},{"name":"totalRecords","type":"property","decorator":"track","loc":{"start":{"line":25,"column":4},"end":{"line":25,"column":28}}},{"name":"isEditModalOpen","type":"property","value":{"type":"boolean","value":false},"decorator":"track","loc":{"start":{"line":26,"column":4},"end":{"line":26,"column":35}}},{"name":"recordIdToEdit","type":"property","decorator":"track","loc":{"start":{"line":27,"column":4},"end":{"line":27,"column":26}}},{"name":"objectApiNameToEdit","type":"property","decorator":"track","loc":{"start":{"line":28,"column":4},"end":{"line":28,"column":31}}},{"name":"columnSearchTerms","type":"property","value":{"type":"object","value":{}},"decorator":"track","loc":{"start":{"line":29,"column":4},"end":{"line":29,"column":34}}},{"name":"lastUpdated","type":"property","decorator":"track","loc":{"start":{"line":30,"column":4},"end":{"line":30,"column":23}}},{"name":"isResizing","type":"property","value":{"type":"boolean","value":false},"loc":{"start":{"line":32,"column":4},"end":{"line":32,"column":23}}},{"name":"resizeColumnField","type":"property","value":{"type":"string","value":""},"loc":{"start":{"line":33,"column":4},"end":{"line":33,"column":27}}},{"name":"initialWidth","type":"property","loc":{"start":{"line":34,"column":4},"end":{"line":34,"column":21}}},{"name":"initialX","type":"property","loc":{"start":{"line":35,"column":4},"end":{"line":35,"column":17}}},{"name":"connectedCallback","type":"method","loc":{"start":{"line":37,"column":4},"end":{"line":44,"column":5}}},{"name":"objectHierarchyTitle","type":"property","loc":{"start":{"line":46,"column":4},"end":{"line":48,"column":5}}},{"name":"getObjectApiName","type":"method","loc":{"start":{"line":51,"column":4},"end":{"line":57,"column":5}}},{"name":"handleResizeStart","type":"method","loc":{"start":{"line":60,"column":4},"end":{"line":70,"column":5}}},{"name":"handleResizeMove","type":"property","value":{"type":"unresolved"},"loc":{"start":{"line":72,"column":4},"end":{"line":85,"column":5}}},{"name":"handleResizeEnd","type":"property","value":{"type":"unresolved"},"loc":{"start":{"line":87,"column":4},"end":{"line":95,"column":5}}},{"name":"loadChildRecords","type":"method","loc":{"start":{"line":97,"column":4},"end":{"line":121,"column":5}}},{"name":"handleRecordUpdated","type":"method","loc":{"start":{"line":123,"column":4},"end":{"line":158,"column":5}}},{"name":"refreshSingleRecord","type":"method","loc":{"start":{"line":160,"column":4},"end":{"line":189,"column":5}}},{"name":"updateLastUpdatedTime","type":"method","loc":{"start":{"line":191,"column":4},"end":{"line":193,"column":5}}},{"name":"lastUpdatedFormatted","type":"property","loc":{"start":{"line":195,"column":4},"end":{"line":200,"column":5}}},{"name":"updateColumnsWithSortData","type":"method","loc":{"start":{"line":202,"column":4},"end":{"line":211,"column":5}}},{"name":"getSortIconName","type":"method","loc":{"start":{"line":213,"column":4},"end":{"line":216,"column":5}}},{"name":"getSortDirection","type":"method","loc":{"start":{"line":218,"column":4},"end":{"line":220,"column":5}}},{"name":"getSortAssistiveText","type":"method","loc":{"start":{"line":222,"column":4},"end":{"line":224,"column":5}}},{"name":"processRecords","type":"method","loc":{"start":{"line":226,"column":4},"end":{"line":232,"column":5}}},{"name":"createFlattenedRecord","type":"method","loc":{"start":{"line":234,"column":4},"end":{"line":250,"column":5}}},{"name":"handleNameClick","type":"method","loc":{"start":{"line":252,"column":4},"end":{"line":265,"column":5}}},{"name":"handleRowToggle","type":"method","loc":{"start":{"line":267,"column":4},"end":{"line":277,"column":5}}},{"name":"handleSort","type":"method","loc":{"start":{"line":279,"column":4},"end":{"line":284,"column":5}}},{"name":"handleSearch","type":"method","loc":{"start":{"line":286,"column":4},"end":{"line":289,"column":5}}},{"name":"handleRowAction","type":"method","loc":{"start":{"line":291,"column":4},"end":{"line":300,"column":5}}},{"name":"editRecord","type":"method","loc":{"start":{"line":302,"column":4},"end":{"line":306,"column":5}}},{"name":"closeModal","type":"method","loc":{"start":{"line":308,"column":4},"end":{"line":314,"column":5}}},{"name":"refreshChildRecord","type":"method","loc":{"start":{"line":316,"column":4},"end":{"line":341,"column":5}}},{"name":"editFieldset","type":"property","loc":{"start":{"line":343,"column":4},"end":{"line":345,"column":5}}},{"name":"deleteChildRecord","type":"method","loc":{"start":{"line":347,"column":4},"end":{"line":357,"column":5}}},{"name":"removeRecordFromList","type":"method","loc":{"start":{"line":359,"column":4},"end":{"line":361,"column":5}}},{"name":"handlePrevious","type":"method","loc":{"start":{"line":363,"column":4},"end":{"line":368,"column":5}}},{"name":"handleNext","type":"method","loc":{"start":{"line":370,"column":4},"end":{"line":375,"column":5}}},{"name":"showToast","type":"method","loc":{"start":{"line":377,"column":4},"end":{"line":384,"column":5}}},{"name":"columnCount","type":"property","loc":{"start":{"line":386,"column":4},"end":{"line":388,"column":5}}},{"name":"toggleSearchInput","type":"method","loc":{"start":{"line":390,"column":4},"end":{"line":397,"column":5}}},{"name":"handleColumnSearch","type":"method","loc":{"start":{"line":399,"column":4},"end":{"line":419,"column":5}}},{"name":"filterRecords","type":"method","loc":{"start":{"line":421,"column":4},"end":{"line":435,"column":5}}},{"name":"isPreviousDisabled","type":"property","loc":{"start":{"line":437,"column":4},"end":{"line":439,"column":5}}},{"name":"isNextDisabled","type":"property","loc":{"start":{"line":441,"column":4},"end":{"line":443,"column":5}}}],"declarationLoc":{"start":{"line":8,"column":0},"end":{"line":444,"column":1}},"doc":"","exports":[{"type":"ExportDefaultDeclaration"}]},"updatedAt":"2024-08-16T08:17:37.073Z"},{"_allAttributes":null,"_properties":null,"_methods":null,"file":"d:/NestedRelatedListComp17.8.1/NestedRelatedListComp16.7/NestedRelatedListComp2/force-app/main/default/lwc/editRecordModal/editRecordModal.js","metadata":{"decorators":[{"type":"api","targets":[{"name":"recordId","type":"property","value":{"type":"unresolved"}},{"name":"objectApiName","type":"property","value":{"type":"unresolved"}},{"name":"fieldSet","type":"property","value":{"type":"unresolved"}},{"type":"method","name":"refreshFields"}]},{"type":"track","targets":[{"name":"fields","type":"property"}]}],"classMembers":[{"name":"recordId","type":"property","value":{"type":"unresolved"},"decorator":"api","loc":{"start":{"line":7,"column":4},"end":{"line":7,"column":18}}},{"name":"objectApiName","type":"property","value":{"type":"unresolved"},"decorator":"api","loc":{"start":{"line":8,"column":4},"end":{"line":8,"column":23}}},{"name":"fieldSet","type":"property","value":{"type":"unresolved"},"decorator":"api","loc":{"start":{"line":9,"column":4},"end":{"line":9,"column":18}}},{"name":"fields","type":"property","decorator":"track","loc":{"start":{"line":11,"column":4},"end":{"line":11,"column":23}}},{"name":"connectedCallback","type":"method","loc":{"start":{"line":13,"column":4},"end":{"line":15,"column":5}}},{"name":"refreshFields","type":"method","decorator":"api","loc":{"start":{"line":17,"column":4},"end":{"line":20,"column":5}}},{"name":"loadFieldSetFields","type":"method","loc":{"start":{"line":22,"column":4},"end":{"line":32,"column":5}}},{"name":"handleSuccess","type":"method","loc":{"start":{"line":34,"column":4},"end":{"line":58,"column":5}}},{"name":"handleCancel","type":"method","loc":{"start":{"line":60,"column":4},"end":{"line":62,"column":5}}},{"name":"handleSave","type":"method","loc":{"start":{"line":64,"column":4},"end":{"line":66,"column":5}}}],"declarationLoc":{"start":{"line":6,"column":0},"end":{"line":67,"column":1}},"doc":"","exports":[{"type":"ExportDefaultDeclaration"}]},"updatedAt":"2024-08-16T08:16:19.623Z"},{"_allAttributes":null,"_properties":null,"_methods":null,"file":"d:/NestedRelatedListComp17.8.1/NestedRelatedListComp16.7/NestedRelatedListComp2/force-app/main/default/lwc/grandchildRelatedList/grandchildRelatedList.js","metadata":{"decorators":[{"type":"api","targets":[{"name":"childId","type":"property","value":{"type":"unresolved"}},{"name":"grandchildObjectApiName","type":"property","value":{"type":"unresolved"}},{"name":"grandchildFieldset","type":"property","value":{"type":"unresolved"}},{"name":"childField","type":"property","value":{"type":"unresolved"}},{"type":"method","name":"refreshData"}]},{"type":"track","targets":[{"name":"columns","type":"property"},{"name":"grandchildRecords","type":"property"},{"name":"filteredRecords","type":"property"},{"name":"isLoading","type":"property"},{"name":"sortBy","type":"property"},{"name":"sortDirection","type":"property"},{"name":"isEditModalOpen","type":"property"},{"name":"recordIdToEdit","type":"property"},{"name":"searchTerms","type":"property"}]}],"classMembers":[{"name":"childId","type":"property","value":{"type":"unresolved"},"decorator":"api","loc":{"start":{"line":8,"column":4},"end":{"line":8,"column":17}}},{"name":"grandchildObjectApiName","type":"property","value":{"type":"unresolved"},"decorator":"api","loc":{"start":{"line":9,"column":4},"end":{"line":9,"column":33}}},{"name":"grandchildFieldset","type":"property","value":{"type":"unresolved"},"decorator":"api","loc":{"start":{"line":10,"column":4},"end":{"line":10,"column":28}}},{"name":"childField","type":"property","value":{"type":"unresolved"},"decorator":"api","loc":{"start":{"line":11,"column":4},"end":{"line":11,"column":20}}},{"name":"columns","type":"property","decorator":"track","loc":{"start":{"line":13,"column":4},"end":{"line":13,"column":24}}},{"name":"grandchildRecords","type":"property","decorator":"track","loc":{"start":{"line":14,"column":4},"end":{"line":14,"column":34}}},{"name":"filteredRecords","type":"property","decorator":"track","loc":{"start":{"line":15,"column":4},"end":{"line":15,"column":32}}},{"name":"isLoading","type":"property","value":{"type":"boolean","value":true},"decorator":"track","loc":{"start":{"line":16,"column":4},"end":{"line":16,"column":28}}},{"name":"sortBy","type":"property","decorator":"track","loc":{"start":{"line":17,"column":4},"end":{"line":17,"column":18}}},{"name":"sortDirection","type":"property","decorator":"track","loc":{"start":{"line":18,"column":4},"end":{"line":18,"column":33}}},{"name":"isEditModalOpen","type":"property","value":{"type":"boolean","value":false},"decorator":"track","loc":{"start":{"line":19,"column":4},"end":{"line":19,"column":35}}},{"name":"recordIdToEdit","type":"property","decorator":"track","loc":{"start":{"line":20,"column":4},"end":{"line":20,"column":26}}},{"name":"searchTerms","type":"property","value":{"type":"object","value":{}},"decorator":"track","loc":{"start":{"line":21,"column":4},"end":{"line":21,"column":28}}},{"name":"refreshData","type":"method","decorator":"api","loc":{"start":{"line":23,"column":4},"end":{"line":26,"column":5}}},{"name":"handleRecordUpdated","type":"method","loc":{"start":{"line":28,"column":4},"end":{"line":52,"column":5}}},{"name":"connectedCallback","type":"method","loc":{"start":{"line":54,"column":4},"end":{"line":56,"column":5}}},{"name":"loadGrandchildRecords","type":"method","loc":{"start":{"line":58,"column":4},"end":{"line":77,"column":5}}},{"name":"transformColumns","type":"method","loc":{"start":{"line":79,"column":4},"end":{"line":94,"column":5}}},{"name":"getRowActions","type":"method","loc":{"start":{"line":96,"column":4},"end":{"line":102,"column":5}}},{"name":"handleSort","type":"method","loc":{"start":{"line":104,"column":4},"end":{"line":110,"column":5}}},{"name":"sortData","type":"method","loc":{"start":{"line":112,"column":4},"end":{"line":126,"column":5}}},{"name":"handleRowAction","type":"method","loc":{"start":{"line":128,"column":4},"end":{"line":139,"column":5}}},{"name":"editRecord","type":"method","loc":{"start":{"line":141,"column":4},"end":{"line":144,"column":5}}},{"name":"closeEditModal","type":"method","loc":{"start":{"line":146,"column":4},"end":{"line":151,"column":5}}},{"name":"deleteRecord","type":"method","loc":{"start":{"line":153,"column":4},"end":{"line":165,"column":5}}},{"name":"removeRecordFromList","type":"method","loc":{"start":{"line":167,"column":4},"end":{"line":170,"column":5}}},{"name":"showToast","type":"method","loc":{"start":{"line":172,"column":4},"end":{"line":179,"column":5}}},{"name":"handleSearch","type":"method","loc":{"start":{"line":181,"column":4},"end":{"line":187,"column":5}}},{"name":"filterRecords","type":"method","loc":{"start":{"line":189,"column":4},"end":{"line":201,"column":5}}}],"declarationLoc":{"start":{"line":7,"column":0},"end":{"line":202,"column":1}},"doc":"","exports":[{"type":"ExportDefaultDeclaration"}]},"updatedAt":"2024-08-14T11:10:56.065Z"}]