[{"_allAttributes":null,"_properties":null,"_methods":null,"file":"d:/nestedRelatedList1.2.6.5.1-Final-Improved1/nestedRelatedList1.2.6.1-Dynamically adding Columns/nestedRelatedList/force-app/main/default/lwc/nestedRelatedList/nestedRelatedList.js","metadata":{"decorators":[{"type":"api","targets":[{"name":"parentObjectApiName","type":"property","value":{"type":"unresolved"}},{"name":"childObjectApiName","type":"property","value":{"type":"unresolved"}},{"name":"grandchildObjectApiName","type":"property","value":{"type":"unresolved"}},{"name":"parentFieldset","type":"property","value":{"type":"unresolved"}},{"name":"childFieldset","type":"property","value":{"type":"unresolved"}},{"name":"grandchildFieldset","type":"property","value":{"type":"unresolved"}},{"name":"parentField","type":"property","value":{"type":"unresolved"}},{"name":"childField","type":"property","value":{"type":"unresolved"}}]},{"type":"track","targets":[{"name":"parentRecords","type":"property"},{"name":"childRecords","type":"property"},{"name":"grandchildRecords","type":"property"},{"name":"parentColumns","type":"property"},{"name":"childColumns","type":"property"},{"name":"grandchildColumns","type":"property"},{"name":"expandedParentId","type":"property"},{"name":"expandedChildId","type":"property"},{"name":"filteredParentRecords","type":"property"},{"name":"filteredChildRecords","type":"property"},{"name":"filteredGrandchildRecords","type":"property"},{"name":"sortedByParent","type":"property"},{"name":"sortedDirectionParent","type":"property"},{"name":"sortedByChild","type":"property"},{"name":"sortedDirectionChild","type":"property"},{"name":"sortedByGrandchild","type":"property"},{"name":"sortedDirectionGrandchild","type":"property"},{"name":"isEditModalOpen","type":"property"},{"name":"editRecordId","type":"property"},{"name":"editObjectApiName","type":"property"},{"name":"editFieldSet","type":"property"}]}],"classMembers":[{"name":"parentObjectApiName","type":"property","value":{"type":"unresolved"},"decorator":"api","loc":{"start":{"line":9,"column":4},"end":{"line":9,"column":29}}},{"name":"childObjectApiName","type":"property","value":{"type":"unresolved"},"decorator":"api","loc":{"start":{"line":10,"column":4},"end":{"line":10,"column":28}}},{"name":"grandchildObjectApiName","type":"property","value":{"type":"unresolved"},"decorator":"api","loc":{"start":{"line":11,"column":4},"end":{"line":11,"column":33}}},{"name":"parentFieldset","type":"property","value":{"type":"unresolved"},"decorator":"api","loc":{"start":{"line":12,"column":4},"end":{"line":12,"column":24}}},{"name":"childFieldset","type":"property","value":{"type":"unresolved"},"decorator":"api","loc":{"start":{"line":13,"column":4},"end":{"line":13,"column":23}}},{"name":"grandchildFieldset","type":"property","value":{"type":"unresolved"},"decorator":"api","loc":{"start":{"line":14,"column":4},"end":{"line":14,"column":28}}},{"name":"parentField","type":"property","value":{"type":"unresolved"},"decorator":"api","loc":{"start":{"line":15,"column":4},"end":{"line":15,"column":21}}},{"name":"childField","type":"property","value":{"type":"unresolved"},"decorator":"api","loc":{"start":{"line":16,"column":4},"end":{"line":16,"column":20}}},{"name":"parentRecords","type":"property","decorator":"track","loc":{"start":{"line":18,"column":4},"end":{"line":18,"column":30}}},{"name":"childRecords","type":"property","decorator":"track","loc":{"start":{"line":19,"column":4},"end":{"line":19,"column":29}}},{"name":"grandchildRecords","type":"property","decorator":"track","loc":{"start":{"line":20,"column":4},"end":{"line":20,"column":34}}},{"name":"parentColumns","type":"property","decorator":"track","loc":{"start":{"line":22,"column":4},"end":{"line":22,"column":30}}},{"name":"childColumns","type":"property","decorator":"track","loc":{"start":{"line":23,"column":4},"end":{"line":23,"column":29}}},{"name":"grandchildColumns","type":"property","decorator":"track","loc":{"start":{"line":24,"column":4},"end":{"line":24,"column":34}}},{"name":"expandedParentId","type":"property","value":{"type":"null","value":null},"decorator":"track","loc":{"start":{"line":26,"column":4},"end":{"line":26,"column":35}}},{"name":"expandedChildId","type":"property","value":{"type":"null","value":null},"decorator":"track","loc":{"start":{"line":27,"column":4},"end":{"line":27,"column":34}}},{"name":"filteredParentRecords","type":"property","decorator":"track","loc":{"start":{"line":29,"column":4},"end":{"line":29,"column":38}}},{"name":"filteredChildRecords","type":"property","decorator":"track","loc":{"start":{"line":30,"column":4},"end":{"line":30,"column":37}}},{"name":"filteredGrandchildRecords","type":"property","decorator":"track","loc":{"start":{"line":31,"column":4},"end":{"line":31,"column":42}}},{"name":"sortedByParent","type":"property","decorator":"track","loc":{"start":{"line":33,"column":4},"end":{"line":33,"column":31}}},{"name":"sortedDirectionParent","type":"property","decorator":"track","loc":{"start":{"line":34,"column":4},"end":{"line":34,"column":41}}},{"name":"sortedByChild","type":"property","decorator":"track","loc":{"start":{"line":35,"column":4},"end":{"line":35,"column":30}}},{"name":"sortedDirectionChild","type":"property","decorator":"track","loc":{"start":{"line":36,"column":4},"end":{"line":36,"column":40}}},{"name":"sortedByGrandchild","type":"property","decorator":"track","loc":{"start":{"line":37,"column":4},"end":{"line":37,"column":35}}},{"name":"sortedDirectionGrandchild","type":"property","decorator":"track","loc":{"start":{"line":38,"column":4},"end":{"line":38,"column":45}}},{"name":"isEditModalOpen","type":"property","value":{"type":"boolean","value":false},"decorator":"track","loc":{"start":{"line":40,"column":4},"end":{"line":40,"column":35}}},{"name":"editRecordId","type":"property","value":{"type":"null","value":null},"decorator":"track","loc":{"start":{"line":41,"column":4},"end":{"line":41,"column":31}}},{"name":"editObjectApiName","type":"property","decorator":"track","loc":{"start":{"line":42,"column":4},"end":{"line":42,"column":34}}},{"name":"editFieldSet","type":"property","decorator":"track","loc":{"start":{"line":44,"column":4},"end":{"line":44,"column":29}}},{"name":"connectedCallback","type":"method","loc":{"start":{"line":46,"column":4},"end":{"line":48,"column":5}}},{"name":"loadParentRecords","type":"method","loc":{"start":{"line":50,"column":4},"end":{"line":60,"column":5}}},{"name":"loadChildRecords","type":"method","loc":{"start":{"line":62,"column":4},"end":{"line":77,"column":5}}},{"name":"loadGrandchildRecords","type":"method","loc":{"start":{"line":79,"column":4},"end":{"line":94,"column":5}}},{"name":"createColumns","type":"method","loc":{"start":{"line":96,"column":4},"end":{"line":112,"column":5}}},{"name":"getRowActions","type":"method","loc":{"start":{"line":114,"column":4},"end":{"line":121,"column":5}}},{"name":"handleParentRowAction","type":"method","loc":{"start":{"line":123,"column":4},"end":{"line":140,"column":5}}},{"name":"handleChildRowAction","type":"method","loc":{"start":{"line":142,"column":4},"end":{"line":159,"column":5}}},{"name":"handleGrandchildRowAction","type":"method","loc":{"start":{"line":161,"column":4},"end":{"line":174,"column":5}}},{"name":"openEditModal","type":"method","loc":{"start":{"line":176,"column":4},"end":{"line":180,"column":5}}},{"name":"handleModalClose","type":"method","loc":{"start":{"line":182,"column":4},"end":{"line":193,"column":5}}},{"name":"deleteRecord","type":"method","loc":{"start":{"line":195,"column":4},"end":{"line":211,"column":5}}},{"name":"refreshData","type":"method","loc":{"start":{"line":213,"column":4},"end":{"line":221,"column":5}}},{"name":"showToast","type":"method","loc":{"start":{"line":223,"column":4},"end":{"line":225,"column":5}}},{"name":"handleParentSearch","type":"method","loc":{"start":{"line":227,"column":4},"end":{"line":232,"column":5}}},{"name":"handleChildSearch","type":"method","loc":{"start":{"line":234,"column":4},"end":{"line":239,"column":5}}},{"name":"handleGrandchildSearch","type":"method","loc":{"start":{"line":241,"column":4},"end":{"line":246,"column":5}}},{"name":"filterRecord","type":"method","loc":{"start":{"line":248,"column":4},"end":{"line":252,"column":5}}},{"name":"handleParentSort","type":"method","loc":{"start":{"line":254,"column":4},"end":{"line":261,"column":5}}},{"name":"handleChildSort","type":"method","loc":{"start":{"line":263,"column":4},"end":{"line":270,"column":5}}},{"name":"handleGrandchildSort","type":"method","loc":{"start":{"line":272,"column":4},"end":{"line":279,"column":5}}},{"name":"sortBy","type":"method","loc":{"start":{"line":289,"column":4},"end":{"line":311,"column":5}}},{"name":"openEditModal","type":"method","loc":{"start":{"line":313,"column":4},"end":{"line":318,"column":5}}},{"name":"getFieldSetName","type":"method","loc":{"start":{"line":320,"column":4},"end":{"line":331,"column":5}}}],"declarationLoc":{"start":{"line":8,"column":0},"end":{"line":332,"column":1}},"doc":"","exports":[{"type":"ExportDefaultDeclaration"}]},"updatedAt":"2024-08-04T06:25:31.184Z"},{"_allAttributes":null,"_properties":null,"_methods":null,"file":"d:/nestedRelatedList1.2.6.5.1-Final-Improved1/nestedRelatedList1.2.6.1-Dynamically adding Columns/nestedRelatedList/force-app/main/default/lwc/editRecordModal/editRecordModal.js","metadata":{"decorators":[{"type":"api","targets":[{"name":"recordId","type":"property","value":{"type":"unresolved"}},{"name":"objectApiName","type":"property","value":{"type":"unresolved"}},{"name":"fieldSet","type":"property","value":{"type":"unresolved"}}]},{"type":"track","targets":[{"name":"fields","type":"property"}]}],"classMembers":[{"name":"recordId","type":"property","value":{"type":"unresolved"},"decorator":"api","loc":{"start":{"line":5,"column":4},"end":{"line":5,"column":18}}},{"name":"objectApiName","type":"property","value":{"type":"unresolved"},"decorator":"api","loc":{"start":{"line":6,"column":4},"end":{"line":6,"column":23}}},{"name":"fieldSet","type":"property","value":{"type":"unresolved"},"decorator":"api","loc":{"start":{"line":7,"column":4},"end":{"line":7,"column":18}}},{"name":"fields","type":"property","decorator":"track","loc":{"start":{"line":9,"column":4},"end":{"line":9,"column":23}}},{"name":"connectedCallback","type":"method","loc":{"start":{"line":11,"column":4},"end":{"line":13,"column":5}}},{"name":"loadFieldSetFields","type":"method","loc":{"start":{"line":15,"column":4},"end":{"line":23,"column":5}}},{"name":"handleSuccess","type":"method","loc":{"start":{"line":25,"column":4},"end":{"line":27,"column":5}}},{"name":"handleCancel","type":"method","loc":{"start":{"line":29,"column":4},"end":{"line":31,"column":5}}}],"declarationLoc":{"start":{"line":4,"column":0},"end":{"line":32,"column":1}},"doc":"","exports":[{"type":"ExportDefaultDeclaration"}]},"updatedAt":"2024-08-03T20:17:50.585Z"}]