[{"_allAttributes":{"publicAttributes":[{"name":"record-id","memberType":0,"decorator":0,"location":{"uri":"file:///d%3A/NestedRelatedListComp8/NestedRelatedListComp2/force-app/main/default/lwc/nestedRelatedList/nestedRelatedList.js","range":{"start":{"line":9,"character":4},"end":{"line":9,"character":18}}},"detail":"LWC custom attribute"},{"name":"child-object-api-name","memberType":0,"decorator":0,"location":{"uri":"file:///d%3A/NestedRelatedListComp8/NestedRelatedListComp2/force-app/main/default/lwc/nestedRelatedList/nestedRelatedList.js","range":{"start":{"line":10,"character":4},"end":{"line":10,"character":28}}},"detail":"LWC custom attribute"},{"name":"grandchild-object-api-name","memberType":0,"decorator":0,"location":{"uri":"file:///d%3A/NestedRelatedListComp8/NestedRelatedListComp2/force-app/main/default/lwc/nestedRelatedList/nestedRelatedList.js","range":{"start":{"line":11,"character":4},"end":{"line":11,"character":33}}},"detail":"LWC custom attribute"},{"name":"child-fieldset","memberType":0,"decorator":0,"location":{"uri":"file:///d%3A/NestedRelatedListComp8/NestedRelatedListComp2/force-app/main/default/lwc/nestedRelatedList/nestedRelatedList.js","range":{"start":{"line":12,"character":4},"end":{"line":12,"character":23}}},"detail":"LWC custom attribute"},{"name":"grandchild-fieldset","memberType":0,"decorator":0,"location":{"uri":"file:///d%3A/NestedRelatedListComp8/NestedRelatedListComp2/force-app/main/default/lwc/nestedRelatedList/nestedRelatedList.js","range":{"start":{"line":13,"character":4},"end":{"line":13,"character":28}}},"detail":"LWC custom attribute"},{"name":"parent-field","memberType":0,"decorator":0,"location":{"uri":"file:///d%3A/NestedRelatedListComp8/NestedRelatedListComp2/force-app/main/default/lwc/nestedRelatedList/nestedRelatedList.js","range":{"start":{"line":14,"character":4},"end":{"line":14,"character":21}}},"detail":"LWC custom attribute"},{"name":"child-field","memberType":0,"decorator":0,"location":{"uri":"file:///d%3A/NestedRelatedListComp8/NestedRelatedListComp2/force-app/main/default/lwc/nestedRelatedList/nestedRelatedList.js","range":{"start":{"line":15,"character":4},"end":{"line":15,"character":20}}},"detail":"LWC custom attribute"}],"privateAttributes":[{"name":"columns","memberType":0,"decorator":1,"location":{"uri":"file:///d%3A/NestedRelatedListComp8/NestedRelatedListComp2/force-app/main/default/lwc/nestedRelatedList/nestedRelatedList.js","range":{"start":{"line":17,"character":4},"end":{"line":17,"character":24}}},"detail":"LWC custom attribute"},{"name":"flattened-records","memberType":0,"decorator":1,"location":{"uri":"file:///d%3A/NestedRelatedListComp8/NestedRelatedListComp2/force-app/main/default/lwc/nestedRelatedList/nestedRelatedList.js","range":{"start":{"line":18,"character":4},"end":{"line":18,"character":33}}},"detail":"LWC custom attribute"},{"name":"sort-by","memberType":0,"decorator":1,"location":{"uri":"file:///d%3A/NestedRelatedListComp8/NestedRelatedListComp2/force-app/main/default/lwc/nestedRelatedList/nestedRelatedList.js","range":{"start":{"line":19,"character":4},"end":{"line":19,"character":27}}},"detail":"LWC custom attribute"},{"name":"sort-direction","memberType":0,"decorator":1,"location":{"uri":"file:///d%3A/NestedRelatedListComp8/NestedRelatedListComp2/force-app/main/default/lwc/nestedRelatedList/nestedRelatedList.js","range":{"start":{"line":20,"character":4},"end":{"line":20,"character":33}}},"detail":"LWC custom attribute"},{"name":"search-term","memberType":0,"decorator":1,"location":{"uri":"file:///d%3A/NestedRelatedListComp8/NestedRelatedListComp2/force-app/main/default/lwc/nestedRelatedList/nestedRelatedList.js","range":{"start":{"line":21,"character":4},"end":{"line":21,"character":27}}},"detail":"LWC custom attribute"},{"name":"page-number","memberType":0,"decorator":1,"location":{"uri":"file:///d%3A/NestedRelatedListComp8/NestedRelatedListComp2/force-app/main/default/lwc/nestedRelatedList/nestedRelatedList.js","range":{"start":{"line":22,"character":4},"end":{"line":22,"character":26}}},"detail":"LWC custom attribute"},{"name":"page-size","memberType":0,"decorator":1,"location":{"uri":"file:///d%3A/NestedRelatedListComp8/NestedRelatedListComp2/force-app/main/default/lwc/nestedRelatedList/nestedRelatedList.js","range":{"start":{"line":23,"character":4},"end":{"line":23,"character":25}}},"detail":"LWC custom attribute"},{"name":"total-records","memberType":0,"decorator":1,"location":{"uri":"file:///d%3A/NestedRelatedListComp8/NestedRelatedListComp2/force-app/main/default/lwc/nestedRelatedList/nestedRelatedList.js","range":{"start":{"line":24,"character":4},"end":{"line":24,"character":28}}},"detail":"LWC custom attribute"},{"name":"is-edit-modal-open","memberType":0,"decorator":1,"location":{"uri":"file:///d%3A/NestedRelatedListComp8/NestedRelatedListComp2/force-app/main/default/lwc/nestedRelatedList/nestedRelatedList.js","range":{"start":{"line":25,"character":4},"end":{"line":25,"character":35}}},"detail":"LWC custom attribute"},{"name":"record-id-to-edit","memberType":0,"decorator":1,"location":{"uri":"file:///d%3A/NestedRelatedListComp8/NestedRelatedListComp2/force-app/main/default/lwc/nestedRelatedList/nestedRelatedList.js","range":{"start":{"line":26,"character":4},"end":{"line":26,"character":26}}},"detail":"LWC custom attribute"},{"name":"object-api-name-to-edit","memberType":0,"decorator":1,"location":{"uri":"file:///d%3A/NestedRelatedListComp8/NestedRelatedListComp2/force-app/main/default/lwc/nestedRelatedList/nestedRelatedList.js","range":{"start":{"line":27,"character":4},"end":{"line":27,"character":31}}},"detail":"LWC custom attribute"}]},"_properties":null,"_methods":[{"name":"connectedCallback","type":"method","loc":{"start":{"line":30,"column":4},"end":{"line":32,"column":5}}},{"name":"loadChildRecords","type":"method","loc":{"start":{"line":34,"column":4},"end":{"line":55,"column":5}}},{"name":"processRecords","type":"method","loc":{"start":{"line":57,"column":4},"end":{"line":59,"column":5}}},{"name":"createFlattenedRecord","type":"method","loc":{"start":{"line":61,"column":4},"end":{"line":81,"column":5}}},{"name":"handleRowToggle","type":"method","loc":{"start":{"line":83,"column":4},"end":{"line":105,"column":5}}},{"name":"loadGrandchildRecords","type":"method","loc":{"start":{"line":107,"column":4},"end":{"line":127,"column":5}}},{"name":"handleSort","type":"method","loc":{"start":{"line":129,"column":4},"end":{"line":134,"column":5}}},{"name":"handleSearch","type":"method","loc":{"start":{"line":136,"column":4},"end":{"line":139,"column":5}}},{"name":"handleRowAction","type":"method","loc":{"start":{"line":141,"column":4},"end":{"line":150,"column":5}}},{"name":"editRecord","type":"method","loc":{"start":{"line":152,"column":4},"end":{"line":156,"column":5}}},{"name":"closeModal","type":"method","loc":{"start":{"line":158,"column":4},"end":{"line":161,"column":5}}},{"name":"deleteRecord","type":"method","loc":{"start":{"line":163,"column":4},"end":{"line":173,"column":5}}},{"name":"handlePrevious","type":"method","loc":{"start":{"line":175,"column":4},"end":{"line":180,"column":5}}},{"name":"handleNext","type":"method","loc":{"start":{"line":182,"column":4},"end":{"line":187,"column":5}}},{"name":"showToast","type":"method","loc":{"start":{"line":189,"column":4},"end":{"line":196,"column":5}}}],"file":"d:/NestedRelatedListComp8/NestedRelatedListComp2/force-app/main/default/lwc/nestedRelatedList/nestedRelatedList.js","metadata":{"decorators":[{"type":"api","targets":[{"name":"recordId","type":"property","value":{"type":"unresolved"}},{"name":"childObjectApiName","type":"property","value":{"type":"unresolved"}},{"name":"grandchildObjectApiName","type":"property","value":{"type":"unresolved"}},{"name":"childFieldset","type":"property","value":{"type":"unresolved"}},{"name":"grandchildFieldset","type":"property","value":{"type":"unresolved"}},{"name":"parentField","type":"property","value":{"type":"unresolved"}},{"name":"childField","type":"property","value":{"type":"unresolved"}}]},{"type":"track","targets":[{"name":"columns","type":"property"},{"name":"flattenedRecords","type":"property"},{"name":"sortBy","type":"property"},{"name":"sortDirection","type":"property"},{"name":"searchTerm","type":"property"},{"name":"pageNumber","type":"property"},{"name":"pageSize","type":"property"},{"name":"totalRecords","type":"property"},{"name":"isEditModalOpen","type":"property"},{"name":"recordIdToEdit","type":"property"},{"name":"objectApiNameToEdit","type":"property"}]}],"classMembers":[{"name":"recordId","type":"property","value":{"type":"unresolved"},"decorator":"api","loc":{"start":{"line":10,"column":4},"end":{"line":10,"column":18}}},{"name":"childObjectApiName","type":"property","value":{"type":"unresolved"},"decorator":"api","loc":{"start":{"line":11,"column":4},"end":{"line":11,"column":28}}},{"name":"grandchildObjectApiName","type":"property","value":{"type":"unresolved"},"decorator":"api","loc":{"start":{"line":12,"column":4},"end":{"line":12,"column":33}}},{"name":"childFieldset","type":"property","value":{"type":"unresolved"},"decorator":"api","loc":{"start":{"line":13,"column":4},"end":{"line":13,"column":23}}},{"name":"grandchildFieldset","type":"property","value":{"type":"unresolved"},"decorator":"api","loc":{"start":{"line":14,"column":4},"end":{"line":14,"column":28}}},{"name":"parentField","type":"property","value":{"type":"unresolved"},"decorator":"api","loc":{"start":{"line":15,"column":4},"end":{"line":15,"column":21}}},{"name":"childField","type":"property","value":{"type":"unresolved"},"decorator":"api","loc":{"start":{"line":16,"column":4},"end":{"line":16,"column":20}}},{"name":"columns","type":"property","decorator":"track","loc":{"start":{"line":18,"column":4},"end":{"line":18,"column":24}}},{"name":"flattenedRecords","type":"property","decorator":"track","loc":{"start":{"line":19,"column":4},"end":{"line":19,"column":33}}},{"name":"sortBy","type":"property","decorator":"track","loc":{"start":{"line":20,"column":4},"end":{"line":20,"column":27}}},{"name":"sortDirection","type":"property","decorator":"track","loc":{"start":{"line":21,"column":4},"end":{"line":21,"column":33}}},{"name":"searchTerm","type":"property","decorator":"track","loc":{"start":{"line":22,"column":4},"end":{"line":22,"column":27}}},{"name":"pageNumber","type":"property","decorator":"track","loc":{"start":{"line":23,"column":4},"end":{"line":23,"column":26}}},{"name":"pageSize","type":"property","decorator":"track","loc":{"start":{"line":24,"column":4},"end":{"line":24,"column":25}}},{"name":"totalRecords","type":"property","decorator":"track","loc":{"start":{"line":25,"column":4},"end":{"line":25,"column":28}}},{"name":"isEditModalOpen","type":"property","value":{"type":"boolean","value":false},"decorator":"track","loc":{"start":{"line":26,"column":4},"end":{"line":26,"column":35}}},{"name":"recordIdToEdit","type":"property","decorator":"track","loc":{"start":{"line":27,"column":4},"end":{"line":27,"column":26}}},{"name":"objectApiNameToEdit","type":"property","decorator":"track","loc":{"start":{"line":28,"column":4},"end":{"line":28,"column":31}}},{"name":"connectedCallback","type":"method","loc":{"start":{"line":30,"column":4},"end":{"line":32,"column":5}}},{"name":"loadChildRecords","type":"method","loc":{"start":{"line":34,"column":4},"end":{"line":55,"column":5}}},{"name":"processRecords","type":"method","loc":{"start":{"line":57,"column":4},"end":{"line":59,"column":5}}},{"name":"createFlattenedRecord","type":"method","loc":{"start":{"line":61,"column":4},"end":{"line":81,"column":5}}},{"name":"handleRowToggle","type":"method","loc":{"start":{"line":83,"column":4},"end":{"line":105,"column":5}}},{"name":"loadGrandchildRecords","type":"method","loc":{"start":{"line":107,"column":4},"end":{"line":127,"column":5}}},{"name":"handleSort","type":"method","loc":{"start":{"line":129,"column":4},"end":{"line":134,"column":5}}},{"name":"handleSearch","type":"method","loc":{"start":{"line":136,"column":4},"end":{"line":139,"column":5}}},{"name":"handleRowAction","type":"method","loc":{"start":{"line":141,"column":4},"end":{"line":150,"column":5}}},{"name":"editRecord","type":"method","loc":{"start":{"line":152,"column":4},"end":{"line":156,"column":5}}},{"name":"closeModal","type":"method","loc":{"start":{"line":158,"column":4},"end":{"line":161,"column":5}}},{"name":"deleteRecord","type":"method","loc":{"start":{"line":163,"column":4},"end":{"line":173,"column":5}}},{"name":"handlePrevious","type":"method","loc":{"start":{"line":175,"column":4},"end":{"line":180,"column":5}}},{"name":"handleNext","type":"method","loc":{"start":{"line":182,"column":4},"end":{"line":187,"column":5}}},{"name":"showToast","type":"method","loc":{"start":{"line":189,"column":4},"end":{"line":196,"column":5}}}],"declarationLoc":{"start":{"line":9,"column":0},"end":{"line":197,"column":1}},"doc":"","exports":[{"type":"ExportDefaultDeclaration"}]},"updatedAt":"2024-08-10T17:29:48.968Z"},{"_allAttributes":{"publicAttributes":[{"name":"record-id","memberType":0,"decorator":0,"location":{"uri":"file:///d%3A/NestedRelatedListComp8/NestedRelatedListComp2/force-app/main/default/lwc/editRecordModal/editRecordModal.js","range":{"start":{"line":5,"character":4},"end":{"line":5,"character":18}}},"detail":"LWC custom attribute"},{"name":"object-api-name","memberType":0,"decorator":0,"location":{"uri":"file:///d%3A/NestedRelatedListComp8/NestedRelatedListComp2/force-app/main/default/lwc/editRecordModal/editRecordModal.js","range":{"start":{"line":6,"character":4},"end":{"line":6,"character":23}}},"detail":"LWC custom attribute"},{"name":"field-set","memberType":0,"decorator":0,"location":{"uri":"file:///d%3A/NestedRelatedListComp8/NestedRelatedListComp2/force-app/main/default/lwc/editRecordModal/editRecordModal.js","range":{"start":{"line":7,"character":4},"end":{"line":7,"character":18}}},"detail":"LWC custom attribute"}],"privateAttributes":[{"name":"fields","memberType":0,"decorator":1,"location":{"uri":"file:///d%3A/NestedRelatedListComp8/NestedRelatedListComp2/force-app/main/default/lwc/editRecordModal/editRecordModal.js","range":{"start":{"line":9,"character":4},"end":{"line":9,"character":23}}},"detail":"LWC custom attribute"}]},"_properties":null,"_methods":[{"name":"connectedCallback","type":"method","loc":{"start":{"line":12,"column":4},"end":{"line":14,"column":5}}},{"name":"loadFieldSetFields","type":"method","loc":{"start":{"line":16,"column":4},"end":{"line":24,"column":5}}},{"name":"handleSuccess","type":"method","loc":{"start":{"line":26,"column":4},"end":{"line":33,"column":5}}},{"name":"handleCancel","type":"method","loc":{"start":{"line":35,"column":4},"end":{"line":37,"column":5}}}],"file":"d:/NestedRelatedListComp8/NestedRelatedListComp2/force-app/main/default/lwc/editRecordModal/editRecordModal.js","metadata":{"decorators":[{"type":"api","targets":[{"name":"recordId","type":"property","value":{"type":"unresolved"}},{"name":"objectApiName","type":"property","value":{"type":"unresolved"}},{"name":"fieldSet","type":"property","value":{"type":"unresolved"}}]},{"type":"track","targets":[{"name":"fields","type":"property"}]}],"classMembers":[{"name":"recordId","type":"property","value":{"type":"unresolved"},"decorator":"api","loc":{"start":{"line":6,"column":4},"end":{"line":6,"column":18}}},{"name":"objectApiName","type":"property","value":{"type":"unresolved"},"decorator":"api","loc":{"start":{"line":7,"column":4},"end":{"line":7,"column":23}}},{"name":"fieldSet","type":"property","value":{"type":"unresolved"},"decorator":"api","loc":{"start":{"line":8,"column":4},"end":{"line":8,"column":18}}},{"name":"fields","type":"property","decorator":"track","loc":{"start":{"line":10,"column":4},"end":{"line":10,"column":23}}},{"name":"connectedCallback","type":"method","loc":{"start":{"line":12,"column":4},"end":{"line":14,"column":5}}},{"name":"loadFieldSetFields","type":"method","loc":{"start":{"line":16,"column":4},"end":{"line":24,"column":5}}},{"name":"handleSuccess","type":"method","loc":{"start":{"line":26,"column":4},"end":{"line":33,"column":5}}},{"name":"handleCancel","type":"method","loc":{"start":{"line":35,"column":4},"end":{"line":37,"column":5}}}],"declarationLoc":{"start":{"line":5,"column":0},"end":{"line":38,"column":1}},"doc":"","exports":[{"type":"ExportDefaultDeclaration"}]},"updatedAt":"2024-08-10T17:25:17.321Z"}]