[{"_allAttributes":null,"_properties":null,"_methods":null,"file":"d:/NestedRelatedListComp16.2/NestedRelatedListComp2/force-app/main/default/lwc/nestedRelatedList/nestedRelatedList.js","metadata":{"decorators":[{"type":"api","targets":[{"name":"recordId","type":"property","value":{"type":"unresolved"}},{"name":"childObjectApiName","type":"property","value":{"type":"unresolved"}},{"name":"grandchildObjectApiName","type":"property","value":{"type":"unresolved"}},{"name":"childFieldset","type":"property","value":{"type":"unresolved"}},{"name":"grandchildFieldset","type":"property","value":{"type":"unresolved"}},{"name":"parentField","type":"property","value":{"type":"unresolved"}},{"name":"childField","type":"property","value":{"type":"unresolved"}}]},{"type":"track","targets":[{"name":"columns","type":"property"},{"name":"flattenedRecords","type":"property"},{"name":"sortBy","type":"property"},{"name":"sortDirection","type":"property"},{"name":"searchTerm","type":"property"},{"name":"pageNumber","type":"property"},{"name":"pageSize","type":"property"},{"name":"totalRecords","type":"property"},{"name":"isEditModalOpen","type":"property"},{"name":"recordIdToEdit","type":"property"},{"name":"objectApiNameToEdit","type":"property"}]}],"classMembers":[{"name":"recordId","type":"property","value":{"type":"unresolved"},"decorator":"api","loc":{"start":{"line":9,"column":4},"end":{"line":9,"column":18}}},{"name":"childObjectApiName","type":"property","value":{"type":"unresolved"},"decorator":"api","loc":{"start":{"line":10,"column":4},"end":{"line":10,"column":28}}},{"name":"grandchildObjectApiName","type":"property","value":{"type":"unresolved"},"decorator":"api","loc":{"start":{"line":11,"column":4},"end":{"line":11,"column":33}}},{"name":"childFieldset","type":"property","value":{"type":"unresolved"},"decorator":"api","loc":{"start":{"line":12,"column":4},"end":{"line":12,"column":23}}},{"name":"grandchildFieldset","type":"property","value":{"type":"unresolved"},"decorator":"api","loc":{"start":{"line":13,"column":4},"end":{"line":13,"column":28}}},{"name":"parentField","type":"property","value":{"type":"unresolved"},"decorator":"api","loc":{"start":{"line":14,"column":4},"end":{"line":14,"column":21}}},{"name":"childField","type":"property","value":{"type":"unresolved"},"decorator":"api","loc":{"start":{"line":15,"column":4},"end":{"line":15,"column":20}}},{"name":"columns","type":"property","decorator":"track","loc":{"start":{"line":17,"column":4},"end":{"line":17,"column":24}}},{"name":"flattenedRecords","type":"property","decorator":"track","loc":{"start":{"line":18,"column":4},"end":{"line":18,"column":33}}},{"name":"sortBy","type":"property","decorator":"track","loc":{"start":{"line":19,"column":4},"end":{"line":19,"column":27}}},{"name":"sortDirection","type":"property","decorator":"track","loc":{"start":{"line":20,"column":4},"end":{"line":20,"column":33}}},{"name":"searchTerm","type":"property","decorator":"track","loc":{"start":{"line":21,"column":4},"end":{"line":21,"column":27}}},{"name":"pageNumber","type":"property","decorator":"track","loc":{"start":{"line":22,"column":4},"end":{"line":22,"column":26}}},{"name":"pageSize","type":"property","decorator":"track","loc":{"start":{"line":23,"column":4},"end":{"line":23,"column":25}}},{"name":"totalRecords","type":"property","decorator":"track","loc":{"start":{"line":24,"column":4},"end":{"line":24,"column":28}}},{"name":"isEditModalOpen","type":"property","value":{"type":"boolean","value":false},"decorator":"track","loc":{"start":{"line":25,"column":4},"end":{"line":25,"column":35}}},{"name":"recordIdToEdit","type":"property","decorator":"track","loc":{"start":{"line":26,"column":4},"end":{"line":26,"column":26}}},{"name":"objectApiNameToEdit","type":"property","decorator":"track","loc":{"start":{"line":27,"column":4},"end":{"line":27,"column":31}}},{"name":"isResizing","type":"property","value":{"type":"boolean","value":false},"loc":{"start":{"line":29,"column":4},"end":{"line":29,"column":23}}},{"name":"resizeColumnField","type":"property","value":{"type":"string","value":""},"loc":{"start":{"line":30,"column":4},"end":{"line":30,"column":27}}},{"name":"initialWidth","type":"property","loc":{"start":{"line":31,"column":4},"end":{"line":31,"column":21}}},{"name":"initialX","type":"property","loc":{"start":{"line":32,"column":4},"end":{"line":32,"column":17}}},{"name":"connectedCallback","type":"method","loc":{"start":{"line":34,"column":4},"end":{"line":36,"column":5}}},{"name":"handleResizeStart","type":"method","loc":{"start":{"line":38,"column":4},"end":{"line":48,"column":5}}},{"name":"handleResizeMove","type":"property","value":{"type":"unresolved"},"loc":{"start":{"line":50,"column":4},"end":{"line":63,"column":5}}},{"name":"handleResizeEnd","type":"property","value":{"type":"unresolved"},"loc":{"start":{"line":65,"column":4},"end":{"line":73,"column":5}}},{"name":"loadChildRecords","type":"method","loc":{"start":{"line":75,"column":4},"end":{"line":96,"column":5}}},{"name":"updateColumnsWithSortData","type":"method","loc":{"start":{"line":98,"column":4},"end":{"line":106,"column":5}}},{"name":"getSortIconName","type":"method","loc":{"start":{"line":108,"column":4},"end":{"line":111,"column":5}}},{"name":"getSortDirection","type":"method","loc":{"start":{"line":113,"column":4},"end":{"line":115,"column":5}}},{"name":"getSortAssistiveText","type":"method","loc":{"start":{"line":117,"column":4},"end":{"line":119,"column":5}}},{"name":"processRecords","type":"method","loc":{"start":{"line":121,"column":4},"end":{"line":127,"column":5}}},{"name":"createFlattenedRecord","type":"method","loc":{"start":{"line":129,"column":4},"end":{"line":145,"column":5}}},{"name":"handleNameClick","type":"method","loc":{"start":{"line":147,"column":4},"end":{"line":160,"column":5}}},{"name":"handleRowToggle","type":"method","loc":{"start":{"line":162,"column":4},"end":{"line":172,"column":5}}},{"name":"handleSort","type":"method","loc":{"start":{"line":174,"column":4},"end":{"line":179,"column":5}}},{"name":"handleSearch","type":"method","loc":{"start":{"line":181,"column":4},"end":{"line":184,"column":5}}},{"name":"handleRowAction","type":"method","loc":{"start":{"line":186,"column":4},"end":{"line":195,"column":5}}},{"name":"editRecord","type":"method","loc":{"start":{"line":197,"column":4},"end":{"line":208,"column":5}}},{"name":"closeModal","type":"method","loc":{"start":{"line":210,"column":4},"end":{"line":213,"column":5}}},{"name":"editFieldset","type":"property","loc":{"start":{"line":215,"column":4},"end":{"line":217,"column":5}}},{"name":"deleteChildRecord","type":"method","loc":{"start":{"line":219,"column":4},"end":{"line":229,"column":5}}},{"name":"handlePrevious","type":"method","loc":{"start":{"line":231,"column":4},"end":{"line":236,"column":5}}},{"name":"handleNext","type":"method","loc":{"start":{"line":238,"column":4},"end":{"line":243,"column":5}}},{"name":"showToast","type":"method","loc":{"start":{"line":245,"column":4},"end":{"line":252,"column":5}}},{"name":"columnCount","type":"property","loc":{"start":{"line":254,"column":4},"end":{"line":256,"column":5}}}],"declarationLoc":{"start":{"line":8,"column":0},"end":{"line":257,"column":1}},"doc":"","exports":[{"type":"ExportDefaultDeclaration"}]},"updatedAt":"2024-08-12T21:28:27.394Z"},{"_allAttributes":null,"_properties":null,"_methods":null,"file":"d:/NestedRelatedListComp16.2/NestedRelatedListComp2/force-app/main/default/lwc/editRecordModal/editRecordModal.js","metadata":{"decorators":[{"type":"api","targets":[{"name":"recordId","type":"property","value":{"type":"unresolved"}},{"name":"objectApiName","type":"property","value":{"type":"unresolved"}},{"name":"fieldSet","type":"property","value":{"type":"unresolved"}},{"type":"method","name":"refreshFields"}]},{"type":"track","targets":[{"name":"fields","type":"property"}]}],"classMembers":[{"name":"recordId","type":"property","value":{"type":"unresolved"},"decorator":"api","loc":{"start":{"line":8,"column":4},"end":{"line":8,"column":18}}},{"name":"objectApiName","type":"property","value":{"type":"unresolved"},"decorator":"api","loc":{"start":{"line":9,"column":4},"end":{"line":9,"column":23}}},{"name":"fieldSet","type":"property","value":{"type":"unresolved"},"decorator":"api","loc":{"start":{"line":10,"column":4},"end":{"line":10,"column":18}}},{"name":"fields","type":"property","decorator":"track","loc":{"start":{"line":12,"column":4},"end":{"line":12,"column":23}}},{"name":"connectedCallback","type":"method","loc":{"start":{"line":14,"column":4},"end":{"line":16,"column":5}}},{"name":"refreshFields","type":"method","decorator":"api","loc":{"start":{"line":18,"column":4},"end":{"line":21,"column":5}}},{"name":"loadFieldSetFields","type":"method","loc":{"start":{"line":23,"column":4},"end":{"line":33,"column":5}}},{"name":"handleSuccess","type":"method","loc":{"start":{"line":35,"column":4},"end":{"line":42,"column":5}}},{"name":"handleCancel","type":"method","loc":{"start":{"line":44,"column":4},"end":{"line":46,"column":5}}},{"name":"handleSave","type":"method","loc":{"start":{"line":48,"column":4},"end":{"line":50,"column":5}}}],"declarationLoc":{"start":{"line":7,"column":0},"end":{"line":51,"column":1}},"doc":"","exports":[{"type":"ExportDefaultDeclaration"}]},"updatedAt":"2024-08-12T04:03:54.888Z"},{"_allAttributes":null,"_properties":null,"_methods":null,"file":"d:/NestedRelatedListComp16.2/NestedRelatedListComp2/force-app/main/default/lwc/grandchildRelatedList/grandchildRelatedList.js","metadata":{"decorators":[{"type":"api","targets":[{"name":"childId","type":"property","value":{"type":"unresolved"}},{"name":"grandchildObjectApiName","type":"property","value":{"type":"unresolved"}},{"name":"grandchildFieldset","type":"property","value":{"type":"unresolved"}},{"name":"childField","type":"property","value":{"type":"unresolved"}}]},{"type":"track","targets":[{"name":"columns","type":"property"},{"name":"grandchildRecords","type":"property"},{"name":"isLoading","type":"property"}]}],"classMembers":[{"name":"childId","type":"property","value":{"type":"unresolved"},"decorator":"api","loc":{"start":{"line":7,"column":4},"end":{"line":7,"column":17}}},{"name":"grandchildObjectApiName","type":"property","value":{"type":"unresolved"},"decorator":"api","loc":{"start":{"line":8,"column":4},"end":{"line":8,"column":33}}},{"name":"grandchildFieldset","type":"property","value":{"type":"unresolved"},"decorator":"api","loc":{"start":{"line":9,"column":4},"end":{"line":9,"column":28}}},{"name":"childField","type":"property","value":{"type":"unresolved"},"decorator":"api","loc":{"start":{"line":10,"column":4},"end":{"line":10,"column":20}}},{"name":"columns","type":"property","decorator":"track","loc":{"start":{"line":12,"column":4},"end":{"line":12,"column":24}}},{"name":"grandchildRecords","type":"property","decorator":"track","loc":{"start":{"line":13,"column":4},"end":{"line":13,"column":34}}},{"name":"isLoading","type":"property","value":{"type":"boolean","value":true},"decorator":"track","loc":{"start":{"line":14,"column":4},"end":{"line":14,"column":28}}},{"name":"connectedCallback","type":"method","loc":{"start":{"line":16,"column":4},"end":{"line":18,"column":5}}},{"name":"loadGrandchildRecords","type":"method","loc":{"start":{"line":20,"column":4},"end":{"line":38,"column":5}}},{"name":"showToast","type":"method","loc":{"start":{"line":40,"column":4},"end":{"line":47,"column":5}}}],"declarationLoc":{"start":{"line":6,"column":0},"end":{"line":48,"column":1}},"doc":"","exports":[{"type":"ExportDefaultDeclaration"}]},"updatedAt":"2024-08-12T20:54:38.385Z"}]