[{"_allAttributes":{"publicAttributes":[{"name":"record-id","memberType":0,"decorator":0,"location":{"uri":"file:///d%3A/NestedRelatedListComp16.6/NestedRelatedListComp2/force-app/main/default/lwc/nestedRelatedList/nestedRelatedList.js","range":{"start":{"line":8,"character":4},"end":{"line":8,"character":18}}},"detail":"LWC custom attribute"},{"name":"child-object-api-name","memberType":0,"decorator":0,"location":{"uri":"file:///d%3A/NestedRelatedListComp16.6/NestedRelatedListComp2/force-app/main/default/lwc/nestedRelatedList/nestedRelatedList.js","range":{"start":{"line":9,"character":4},"end":{"line":9,"character":28}}},"detail":"LWC custom attribute"},{"name":"grandchild-object-api-name","memberType":0,"decorator":0,"location":{"uri":"file:///d%3A/NestedRelatedListComp16.6/NestedRelatedListComp2/force-app/main/default/lwc/nestedRelatedList/nestedRelatedList.js","range":{"start":{"line":10,"character":4},"end":{"line":10,"character":33}}},"detail":"LWC custom attribute"},{"name":"child-fieldset","memberType":0,"decorator":0,"location":{"uri":"file:///d%3A/NestedRelatedListComp16.6/NestedRelatedListComp2/force-app/main/default/lwc/nestedRelatedList/nestedRelatedList.js","range":{"start":{"line":11,"character":4},"end":{"line":11,"character":23}}},"detail":"LWC custom attribute"},{"name":"grandchild-fieldset","memberType":0,"decorator":0,"location":{"uri":"file:///d%3A/NestedRelatedListComp16.6/NestedRelatedListComp2/force-app/main/default/lwc/nestedRelatedList/nestedRelatedList.js","range":{"start":{"line":12,"character":4},"end":{"line":12,"character":28}}},"detail":"LWC custom attribute"},{"name":"parent-field","memberType":0,"decorator":0,"location":{"uri":"file:///d%3A/NestedRelatedListComp16.6/NestedRelatedListComp2/force-app/main/default/lwc/nestedRelatedList/nestedRelatedList.js","range":{"start":{"line":13,"character":4},"end":{"line":13,"character":21}}},"detail":"LWC custom attribute"},{"name":"child-field","memberType":0,"decorator":0,"location":{"uri":"file:///d%3A/NestedRelatedListComp16.6/NestedRelatedListComp2/force-app/main/default/lwc/nestedRelatedList/nestedRelatedList.js","range":{"start":{"line":14,"character":4},"end":{"line":14,"character":20}}},"detail":"LWC custom attribute"}],"privateAttributes":[{"name":"columns","memberType":0,"decorator":1,"location":{"uri":"file:///d%3A/NestedRelatedListComp16.6/NestedRelatedListComp2/force-app/main/default/lwc/nestedRelatedList/nestedRelatedList.js","range":{"start":{"line":16,"character":4},"end":{"line":16,"character":24}}},"detail":"LWC custom attribute"},{"name":"flattened-records","memberType":0,"decorator":1,"location":{"uri":"file:///d%3A/NestedRelatedListComp16.6/NestedRelatedListComp2/force-app/main/default/lwc/nestedRelatedList/nestedRelatedList.js","range":{"start":{"line":17,"character":4},"end":{"line":17,"character":33}}},"detail":"LWC custom attribute"},{"name":"sort-by","memberType":0,"decorator":1,"location":{"uri":"file:///d%3A/NestedRelatedListComp16.6/NestedRelatedListComp2/force-app/main/default/lwc/nestedRelatedList/nestedRelatedList.js","range":{"start":{"line":18,"character":4},"end":{"line":18,"character":27}}},"detail":"LWC custom attribute"},{"name":"sort-direction","memberType":0,"decorator":1,"location":{"uri":"file:///d%3A/NestedRelatedListComp16.6/NestedRelatedListComp2/force-app/main/default/lwc/nestedRelatedList/nestedRelatedList.js","range":{"start":{"line":19,"character":4},"end":{"line":19,"character":33}}},"detail":"LWC custom attribute"},{"name":"search-term","memberType":0,"decorator":1,"location":{"uri":"file:///d%3A/NestedRelatedListComp16.6/NestedRelatedListComp2/force-app/main/default/lwc/nestedRelatedList/nestedRelatedList.js","range":{"start":{"line":20,"character":4},"end":{"line":20,"character":27}}},"detail":"LWC custom attribute"},{"name":"page-number","memberType":0,"decorator":1,"location":{"uri":"file:///d%3A/NestedRelatedListComp16.6/NestedRelatedListComp2/force-app/main/default/lwc/nestedRelatedList/nestedRelatedList.js","range":{"start":{"line":21,"character":4},"end":{"line":21,"character":26}}},"detail":"LWC custom attribute"},{"name":"page-size","memberType":0,"decorator":1,"location":{"uri":"file:///d%3A/NestedRelatedListComp16.6/NestedRelatedListComp2/force-app/main/default/lwc/nestedRelatedList/nestedRelatedList.js","range":{"start":{"line":22,"character":4},"end":{"line":22,"character":25}}},"detail":"LWC custom attribute"},{"name":"total-records","memberType":0,"decorator":1,"location":{"uri":"file:///d%3A/NestedRelatedListComp16.6/NestedRelatedListComp2/force-app/main/default/lwc/nestedRelatedList/nestedRelatedList.js","range":{"start":{"line":23,"character":4},"end":{"line":23,"character":28}}},"detail":"LWC custom attribute"},{"name":"is-edit-modal-open","memberType":0,"decorator":1,"location":{"uri":"file:///d%3A/NestedRelatedListComp16.6/NestedRelatedListComp2/force-app/main/default/lwc/nestedRelatedList/nestedRelatedList.js","range":{"start":{"line":24,"character":4},"end":{"line":24,"character":35}}},"detail":"LWC custom attribute"},{"name":"record-id-to-edit","memberType":0,"decorator":1,"location":{"uri":"file:///d%3A/NestedRelatedListComp16.6/NestedRelatedListComp2/force-app/main/default/lwc/nestedRelatedList/nestedRelatedList.js","range":{"start":{"line":25,"character":4},"end":{"line":25,"character":26}}},"detail":"LWC custom attribute"},{"name":"object-api-name-to-edit","memberType":0,"decorator":1,"location":{"uri":"file:///d%3A/NestedRelatedListComp16.6/NestedRelatedListComp2/force-app/main/default/lwc/nestedRelatedList/nestedRelatedList.js","range":{"start":{"line":26,"character":4},"end":{"line":26,"character":31}}},"detail":"LWC custom attribute"},{"name":"is-resizing","memberType":0,"location":{"uri":"file:///d%3A/NestedRelatedListComp16.6/NestedRelatedListComp2/force-app/main/default/lwc/nestedRelatedList/nestedRelatedList.js","range":{"start":{"line":28,"character":4},"end":{"line":28,"character":23}}},"detail":"LWC custom attribute"},{"name":"resize-column-field","memberType":0,"location":{"uri":"file:///d%3A/NestedRelatedListComp16.6/NestedRelatedListComp2/force-app/main/default/lwc/nestedRelatedList/nestedRelatedList.js","range":{"start":{"line":29,"character":4},"end":{"line":29,"character":27}}},"detail":"LWC custom attribute"},{"name":"initial-width","memberType":0,"location":{"uri":"file:///d%3A/NestedRelatedListComp16.6/NestedRelatedListComp2/force-app/main/default/lwc/nestedRelatedList/nestedRelatedList.js","range":{"start":{"line":30,"character":4},"end":{"line":30,"character":21}}},"detail":"LWC custom attribute"},{"name":"initial-x","memberType":0,"location":{"uri":"file:///d%3A/NestedRelatedListComp16.6/NestedRelatedListComp2/force-app/main/default/lwc/nestedRelatedList/nestedRelatedList.js","range":{"start":{"line":31,"character":4},"end":{"line":31,"character":17}}},"detail":"LWC custom attribute"},{"name":"handle-resize-move","memberType":0,"location":{"uri":"file:///d%3A/NestedRelatedListComp16.6/NestedRelatedListComp2/force-app/main/default/lwc/nestedRelatedList/nestedRelatedList.js","range":{"start":{"line":49,"character":4},"end":{"line":62,"character":5}}},"detail":"LWC custom attribute"},{"name":"handle-resize-end","memberType":0,"location":{"uri":"file:///d%3A/NestedRelatedListComp16.6/NestedRelatedListComp2/force-app/main/default/lwc/nestedRelatedList/nestedRelatedList.js","range":{"start":{"line":64,"character":4},"end":{"line":72,"character":5}}},"detail":"LWC custom attribute"},{"name":"edit-fieldset","memberType":0,"location":{"uri":"file:///d%3A/NestedRelatedListComp16.6/NestedRelatedListComp2/force-app/main/default/lwc/nestedRelatedList/nestedRelatedList.js","range":{"start":{"line":236,"character":4},"end":{"line":238,"character":5}}},"detail":"LWC custom attribute"},{"name":"column-count","memberType":0,"location":{"uri":"file:///d%3A/NestedRelatedListComp16.6/NestedRelatedListComp2/force-app/main/default/lwc/nestedRelatedList/nestedRelatedList.js","range":{"start":{"line":279,"character":4},"end":{"line":281,"character":5}}},"detail":"LWC custom attribute"}]},"_properties":null,"_methods":[{"name":"connectedCallback","type":"method","loc":{"start":{"line":34,"column":4},"end":{"line":36,"column":5}}},{"name":"handleResizeStart","type":"method","loc":{"start":{"line":38,"column":4},"end":{"line":48,"column":5}}},{"name":"loadChildRecords","type":"method","loc":{"start":{"line":75,"column":4},"end":{"line":96,"column":5}}},{"name":"updateColumnsWithSortData","type":"method","loc":{"start":{"line":98,"column":4},"end":{"line":106,"column":5}}},{"name":"getSortIconName","type":"method","loc":{"start":{"line":108,"column":4},"end":{"line":111,"column":5}}},{"name":"getSortDirection","type":"method","loc":{"start":{"line":113,"column":4},"end":{"line":115,"column":5}}},{"name":"getSortAssistiveText","type":"method","loc":{"start":{"line":117,"column":4},"end":{"line":119,"column":5}}},{"name":"processRecords","type":"method","loc":{"start":{"line":121,"column":4},"end":{"line":127,"column":5}}},{"name":"createFlattenedRecord","type":"method","loc":{"start":{"line":129,"column":4},"end":{"line":145,"column":5}}},{"name":"handleNameClick","type":"method","loc":{"start":{"line":147,"column":4},"end":{"line":160,"column":5}}},{"name":"handleRowToggle","type":"method","loc":{"start":{"line":162,"column":4},"end":{"line":172,"column":5}}},{"name":"handleSort","type":"method","loc":{"start":{"line":174,"column":4},"end":{"line":179,"column":5}}},{"name":"handleSearch","type":"method","loc":{"start":{"line":181,"column":4},"end":{"line":184,"column":5}}},{"name":"handleRowAction","type":"method","loc":{"start":{"line":186,"column":4},"end":{"line":195,"column":5}}},{"name":"editRecord","type":"method","loc":{"start":{"line":197,"column":4},"end":{"line":201,"column":5}}},{"name":"closeModal","type":"method","loc":{"start":{"line":203,"column":4},"end":{"line":208,"column":5}}},{"name":"refreshChildRecord","type":"method","loc":{"start":{"line":210,"column":4},"end":{"line":235,"column":5}}},{"name":"deleteChildRecord","type":"method","loc":{"start":{"line":241,"column":4},"end":{"line":251,"column":5}}},{"name":"removeRecordFromList","type":"method","loc":{"start":{"line":253,"column":4},"end":{"line":255,"column":5}}},{"name":"handlePrevious","type":"method","loc":{"start":{"line":257,"column":4},"end":{"line":262,"column":5}}},{"name":"handleNext","type":"method","loc":{"start":{"line":264,"column":4},"end":{"line":269,"column":5}}},{"name":"showToast","type":"method","loc":{"start":{"line":271,"column":4},"end":{"line":278,"column":5}}}],"file":"d:/NestedRelatedListComp16.6/NestedRelatedListComp2/force-app/main/default/lwc/nestedRelatedList/nestedRelatedList.js","metadata":{"decorators":[{"type":"api","targets":[{"name":"recordId","type":"property","value":{"type":"unresolved"}},{"name":"childObjectApiName","type":"property","value":{"type":"unresolved"}},{"name":"grandchildObjectApiName","type":"property","value":{"type":"unresolved"}},{"name":"childFieldset","type":"property","value":{"type":"unresolved"}},{"name":"grandchildFieldset","type":"property","value":{"type":"unresolved"}},{"name":"parentField","type":"property","value":{"type":"unresolved"}},{"name":"childField","type":"property","value":{"type":"unresolved"}}]},{"type":"track","targets":[{"name":"columns","type":"property"},{"name":"flattenedRecords","type":"property"},{"name":"sortBy","type":"property"},{"name":"sortDirection","type":"property"},{"name":"searchTerm","type":"property"},{"name":"pageNumber","type":"property"},{"name":"pageSize","type":"property"},{"name":"totalRecords","type":"property"},{"name":"isEditModalOpen","type":"property"},{"name":"recordIdToEdit","type":"property"},{"name":"objectApiNameToEdit","type":"property"}]}],"classMembers":[{"name":"recordId","type":"property","value":{"type":"unresolved"},"decorator":"api","loc":{"start":{"line":9,"column":4},"end":{"line":9,"column":18}}},{"name":"childObjectApiName","type":"property","value":{"type":"unresolved"},"decorator":"api","loc":{"start":{"line":10,"column":4},"end":{"line":10,"column":28}}},{"name":"grandchildObjectApiName","type":"property","value":{"type":"unresolved"},"decorator":"api","loc":{"start":{"line":11,"column":4},"end":{"line":11,"column":33}}},{"name":"childFieldset","type":"property","value":{"type":"unresolved"},"decorator":"api","loc":{"start":{"line":12,"column":4},"end":{"line":12,"column":23}}},{"name":"grandchildFieldset","type":"property","value":{"type":"unresolved"},"decorator":"api","loc":{"start":{"line":13,"column":4},"end":{"line":13,"column":28}}},{"name":"parentField","type":"property","value":{"type":"unresolved"},"decorator":"api","loc":{"start":{"line":14,"column":4},"end":{"line":14,"column":21}}},{"name":"childField","type":"property","value":{"type":"unresolved"},"decorator":"api","loc":{"start":{"line":15,"column":4},"end":{"line":15,"column":20}}},{"name":"columns","type":"property","decorator":"track","loc":{"start":{"line":17,"column":4},"end":{"line":17,"column":24}}},{"name":"flattenedRecords","type":"property","decorator":"track","loc":{"start":{"line":18,"column":4},"end":{"line":18,"column":33}}},{"name":"sortBy","type":"property","decorator":"track","loc":{"start":{"line":19,"column":4},"end":{"line":19,"column":27}}},{"name":"sortDirection","type":"property","decorator":"track","loc":{"start":{"line":20,"column":4},"end":{"line":20,"column":33}}},{"name":"searchTerm","type":"property","decorator":"track","loc":{"start":{"line":21,"column":4},"end":{"line":21,"column":27}}},{"name":"pageNumber","type":"property","decorator":"track","loc":{"start":{"line":22,"column":4},"end":{"line":22,"column":26}}},{"name":"pageSize","type":"property","decorator":"track","loc":{"start":{"line":23,"column":4},"end":{"line":23,"column":25}}},{"name":"totalRecords","type":"property","decorator":"track","loc":{"start":{"line":24,"column":4},"end":{"line":24,"column":28}}},{"name":"isEditModalOpen","type":"property","value":{"type":"boolean","value":false},"decorator":"track","loc":{"start":{"line":25,"column":4},"end":{"line":25,"column":35}}},{"name":"recordIdToEdit","type":"property","decorator":"track","loc":{"start":{"line":26,"column":4},"end":{"line":26,"column":26}}},{"name":"objectApiNameToEdit","type":"property","decorator":"track","loc":{"start":{"line":27,"column":4},"end":{"line":27,"column":31}}},{"name":"isResizing","type":"property","value":{"type":"boolean","value":false},"loc":{"start":{"line":29,"column":4},"end":{"line":29,"column":23}}},{"name":"resizeColumnField","type":"property","value":{"type":"string","value":""},"loc":{"start":{"line":30,"column":4},"end":{"line":30,"column":27}}},{"name":"initialWidth","type":"property","loc":{"start":{"line":31,"column":4},"end":{"line":31,"column":21}}},{"name":"initialX","type":"property","loc":{"start":{"line":32,"column":4},"end":{"line":32,"column":17}}},{"name":"connectedCallback","type":"method","loc":{"start":{"line":34,"column":4},"end":{"line":36,"column":5}}},{"name":"handleResizeStart","type":"method","loc":{"start":{"line":38,"column":4},"end":{"line":48,"column":5}}},{"name":"handleResizeMove","type":"property","value":{"type":"unresolved"},"loc":{"start":{"line":50,"column":4},"end":{"line":63,"column":5}}},{"name":"handleResizeEnd","type":"property","value":{"type":"unresolved"},"loc":{"start":{"line":65,"column":4},"end":{"line":73,"column":5}}},{"name":"loadChildRecords","type":"method","loc":{"start":{"line":75,"column":4},"end":{"line":96,"column":5}}},{"name":"updateColumnsWithSortData","type":"method","loc":{"start":{"line":98,"column":4},"end":{"line":106,"column":5}}},{"name":"getSortIconName","type":"method","loc":{"start":{"line":108,"column":4},"end":{"line":111,"column":5}}},{"name":"getSortDirection","type":"method","loc":{"start":{"line":113,"column":4},"end":{"line":115,"column":5}}},{"name":"getSortAssistiveText","type":"method","loc":{"start":{"line":117,"column":4},"end":{"line":119,"column":5}}},{"name":"processRecords","type":"method","loc":{"start":{"line":121,"column":4},"end":{"line":127,"column":5}}},{"name":"createFlattenedRecord","type":"method","loc":{"start":{"line":129,"column":4},"end":{"line":145,"column":5}}},{"name":"handleNameClick","type":"method","loc":{"start":{"line":147,"column":4},"end":{"line":160,"column":5}}},{"name":"handleRowToggle","type":"method","loc":{"start":{"line":162,"column":4},"end":{"line":172,"column":5}}},{"name":"handleSort","type":"method","loc":{"start":{"line":174,"column":4},"end":{"line":179,"column":5}}},{"name":"handleSearch","type":"method","loc":{"start":{"line":181,"column":4},"end":{"line":184,"column":5}}},{"name":"handleRowAction","type":"method","loc":{"start":{"line":186,"column":4},"end":{"line":195,"column":5}}},{"name":"editRecord","type":"method","loc":{"start":{"line":197,"column":4},"end":{"line":201,"column":5}}},{"name":"closeModal","type":"method","loc":{"start":{"line":203,"column":4},"end":{"line":208,"column":5}}},{"name":"refreshChildRecord","type":"method","loc":{"start":{"line":210,"column":4},"end":{"line":235,"column":5}}},{"name":"editFieldset","type":"property","loc":{"start":{"line":237,"column":4},"end":{"line":239,"column":5}}},{"name":"deleteChildRecord","type":"method","loc":{"start":{"line":241,"column":4},"end":{"line":251,"column":5}}},{"name":"removeRecordFromList","type":"method","loc":{"start":{"line":253,"column":4},"end":{"line":255,"column":5}}},{"name":"handlePrevious","type":"method","loc":{"start":{"line":257,"column":4},"end":{"line":262,"column":5}}},{"name":"handleNext","type":"method","loc":{"start":{"line":264,"column":4},"end":{"line":269,"column":5}}},{"name":"showToast","type":"method","loc":{"start":{"line":271,"column":4},"end":{"line":278,"column":5}}},{"name":"columnCount","type":"property","loc":{"start":{"line":280,"column":4},"end":{"line":282,"column":5}}}],"declarationLoc":{"start":{"line":8,"column":0},"end":{"line":283,"column":1}},"doc":"","exports":[{"type":"ExportDefaultDeclaration"}]},"updatedAt":"2024-08-13T04:23:42.462Z"},{"_allAttributes":{"publicAttributes":[{"name":"record-id","memberType":0,"decorator":0,"location":{"uri":"file:///d%3A/NestedRelatedListComp16.6/NestedRelatedListComp2/force-app/main/default/lwc/editRecordModal/editRecordModal.js","range":{"start":{"line":6,"character":4},"end":{"line":6,"character":18}}},"detail":"LWC custom attribute"},{"name":"object-api-name","memberType":0,"decorator":0,"location":{"uri":"file:///d%3A/NestedRelatedListComp16.6/NestedRelatedListComp2/force-app/main/default/lwc/editRecordModal/editRecordModal.js","range":{"start":{"line":7,"character":4},"end":{"line":7,"character":23}}},"detail":"LWC custom attribute"},{"name":"field-set","memberType":0,"decorator":0,"location":{"uri":"file:///d%3A/NestedRelatedListComp16.6/NestedRelatedListComp2/force-app/main/default/lwc/editRecordModal/editRecordModal.js","range":{"start":{"line":8,"character":4},"end":{"line":8,"character":18}}},"detail":"LWC custom attribute"}],"privateAttributes":[{"name":"fields","memberType":0,"decorator":1,"location":{"uri":"file:///d%3A/NestedRelatedListComp16.6/NestedRelatedListComp2/force-app/main/default/lwc/editRecordModal/editRecordModal.js","range":{"start":{"line":10,"character":4},"end":{"line":10,"character":23}}},"detail":"LWC custom attribute"}]},"_properties":null,"_methods":[{"name":"connectedCallback","type":"method","loc":{"start":{"line":13,"column":4},"end":{"line":15,"column":5}}},{"name":"refreshFields","type":"method","decorator":"api","loc":{"start":{"line":17,"column":4},"end":{"line":20,"column":5}}},{"name":"loadFieldSetFields","type":"method","loc":{"start":{"line":22,"column":4},"end":{"line":32,"column":5}}},{"name":"handleSuccess","type":"method","loc":{"start":{"line":34,"column":4},"end":{"line":41,"column":5}}},{"name":"handleCancel","type":"method","loc":{"start":{"line":43,"column":4},"end":{"line":45,"column":5}}},{"name":"handleSave","type":"method","loc":{"start":{"line":47,"column":4},"end":{"line":49,"column":5}}}],"file":"d:/NestedRelatedListComp16.6/NestedRelatedListComp2/force-app/main/default/lwc/editRecordModal/editRecordModal.js","metadata":{"decorators":[{"type":"api","targets":[{"name":"recordId","type":"property","value":{"type":"unresolved"}},{"name":"objectApiName","type":"property","value":{"type":"unresolved"}},{"name":"fieldSet","type":"property","value":{"type":"unresolved"}},{"type":"method","name":"refreshFields"}]},{"type":"track","targets":[{"name":"fields","type":"property"}]}],"classMembers":[{"name":"recordId","type":"property","value":{"type":"unresolved"},"decorator":"api","loc":{"start":{"line":7,"column":4},"end":{"line":7,"column":18}}},{"name":"objectApiName","type":"property","value":{"type":"unresolved"},"decorator":"api","loc":{"start":{"line":8,"column":4},"end":{"line":8,"column":23}}},{"name":"fieldSet","type":"property","value":{"type":"unresolved"},"decorator":"api","loc":{"start":{"line":9,"column":4},"end":{"line":9,"column":18}}},{"name":"fields","type":"property","decorator":"track","loc":{"start":{"line":11,"column":4},"end":{"line":11,"column":23}}},{"name":"connectedCallback","type":"method","loc":{"start":{"line":13,"column":4},"end":{"line":15,"column":5}}},{"name":"refreshFields","type":"method","decorator":"api","loc":{"start":{"line":17,"column":4},"end":{"line":20,"column":5}}},{"name":"loadFieldSetFields","type":"method","loc":{"start":{"line":22,"column":4},"end":{"line":32,"column":5}}},{"name":"handleSuccess","type":"method","loc":{"start":{"line":34,"column":4},"end":{"line":41,"column":5}}},{"name":"handleCancel","type":"method","loc":{"start":{"line":43,"column":4},"end":{"line":45,"column":5}}},{"name":"handleSave","type":"method","loc":{"start":{"line":47,"column":4},"end":{"line":49,"column":5}}}],"declarationLoc":{"start":{"line":6,"column":0},"end":{"line":50,"column":1}},"doc":"","exports":[{"type":"ExportDefaultDeclaration"}]},"updatedAt":"2024-08-13T05:17:07.840Z"},{"_allAttributes":{"publicAttributes":[{"name":"child-id","memberType":0,"decorator":0,"location":{"uri":"file:///d%3A/NestedRelatedListComp16.6/NestedRelatedListComp2/force-app/main/default/lwc/grandchildRelatedList/grandchildRelatedList.js","range":{"start":{"line":7,"character":4},"end":{"line":7,"character":17}}},"detail":"LWC custom attribute"},{"name":"grandchild-object-api-name","memberType":0,"decorator":0,"location":{"uri":"file:///d%3A/NestedRelatedListComp16.6/NestedRelatedListComp2/force-app/main/default/lwc/grandchildRelatedList/grandchildRelatedList.js","range":{"start":{"line":8,"character":4},"end":{"line":8,"character":33}}},"detail":"LWC custom attribute"},{"name":"grandchild-fieldset","memberType":0,"decorator":0,"location":{"uri":"file:///d%3A/NestedRelatedListComp16.6/NestedRelatedListComp2/force-app/main/default/lwc/grandchildRelatedList/grandchildRelatedList.js","range":{"start":{"line":9,"character":4},"end":{"line":9,"character":28}}},"detail":"LWC custom attribute"},{"name":"child-field","memberType":0,"decorator":0,"location":{"uri":"file:///d%3A/NestedRelatedListComp16.6/NestedRelatedListComp2/force-app/main/default/lwc/grandchildRelatedList/grandchildRelatedList.js","range":{"start":{"line":10,"character":4},"end":{"line":10,"character":20}}},"detail":"LWC custom attribute"}],"privateAttributes":[{"name":"columns","memberType":0,"decorator":1,"location":{"uri":"file:///d%3A/NestedRelatedListComp16.6/NestedRelatedListComp2/force-app/main/default/lwc/grandchildRelatedList/grandchildRelatedList.js","range":{"start":{"line":12,"character":4},"end":{"line":12,"character":24}}},"detail":"LWC custom attribute"},{"name":"grandchild-records","memberType":0,"decorator":1,"location":{"uri":"file:///d%3A/NestedRelatedListComp16.6/NestedRelatedListComp2/force-app/main/default/lwc/grandchildRelatedList/grandchildRelatedList.js","range":{"start":{"line":13,"character":4},"end":{"line":13,"character":34}}},"detail":"LWC custom attribute"},{"name":"filtered-records","memberType":0,"decorator":1,"location":{"uri":"file:///d%3A/NestedRelatedListComp16.6/NestedRelatedListComp2/force-app/main/default/lwc/grandchildRelatedList/grandchildRelatedList.js","range":{"start":{"line":14,"character":4},"end":{"line":14,"character":32}}},"detail":"LWC custom attribute"},{"name":"is-loading","memberType":0,"decorator":1,"location":{"uri":"file:///d%3A/NestedRelatedListComp16.6/NestedRelatedListComp2/force-app/main/default/lwc/grandchildRelatedList/grandchildRelatedList.js","range":{"start":{"line":15,"character":4},"end":{"line":15,"character":28}}},"detail":"LWC custom attribute"},{"name":"sort-by","memberType":0,"decorator":1,"location":{"uri":"file:///d%3A/NestedRelatedListComp16.6/NestedRelatedListComp2/force-app/main/default/lwc/grandchildRelatedList/grandchildRelatedList.js","range":{"start":{"line":16,"character":4},"end":{"line":16,"character":18}}},"detail":"LWC custom attribute"},{"name":"sort-direction","memberType":0,"decorator":1,"location":{"uri":"file:///d%3A/NestedRelatedListComp16.6/NestedRelatedListComp2/force-app/main/default/lwc/grandchildRelatedList/grandchildRelatedList.js","range":{"start":{"line":17,"character":4},"end":{"line":17,"character":33}}},"detail":"LWC custom attribute"},{"name":"is-edit-modal-open","memberType":0,"decorator":1,"location":{"uri":"file:///d%3A/NestedRelatedListComp16.6/NestedRelatedListComp2/force-app/main/default/lwc/grandchildRelatedList/grandchildRelatedList.js","range":{"start":{"line":18,"character":4},"end":{"line":18,"character":35}}},"detail":"LWC custom attribute"},{"name":"record-id-to-edit","memberType":0,"decorator":1,"location":{"uri":"file:///d%3A/NestedRelatedListComp16.6/NestedRelatedListComp2/force-app/main/default/lwc/grandchildRelatedList/grandchildRelatedList.js","range":{"start":{"line":19,"character":4},"end":{"line":19,"character":26}}},"detail":"LWC custom attribute"},{"name":"search-terms","memberType":0,"decorator":1,"location":{"uri":"file:///d%3A/NestedRelatedListComp16.6/NestedRelatedListComp2/force-app/main/default/lwc/grandchildRelatedList/grandchildRelatedList.js","range":{"start":{"line":20,"character":4},"end":{"line":20,"character":28}}},"detail":"LWC custom attribute"}]},"_properties":null,"_methods":[{"name":"refreshData","type":"method","decorator":"api","loc":{"start":{"line":23,"column":4},"end":{"line":26,"column":5}}},{"name":"connectedCallback","type":"method","loc":{"start":{"line":28,"column":4},"end":{"line":30,"column":5}}},{"name":"loadGrandchildRecords","type":"method","loc":{"start":{"line":32,"column":4},"end":{"line":51,"column":5}}},{"name":"transformColumns","type":"method","loc":{"start":{"line":53,"column":4},"end":{"line":68,"column":5}}},{"name":"getRowActions","type":"method","loc":{"start":{"line":70,"column":4},"end":{"line":76,"column":5}}},{"name":"handleSort","type":"method","loc":{"start":{"line":78,"column":4},"end":{"line":84,"column":5}}},{"name":"sortData","type":"method","loc":{"start":{"line":86,"column":4},"end":{"line":100,"column":5}}},{"name":"handleRowAction","type":"method","loc":{"start":{"line":102,"column":4},"end":{"line":113,"column":5}}},{"name":"editRecord","type":"method","loc":{"start":{"line":115,"column":4},"end":{"line":118,"column":5}}},{"name":"closeEditModal","type":"method","loc":{"start":{"line":120,"column":4},"end":{"line":125,"column":5}}},{"name":"deleteRecord","type":"method","loc":{"start":{"line":127,"column":4},"end":{"line":139,"column":5}}},{"name":"removeRecordFromList","type":"method","loc":{"start":{"line":141,"column":4},"end":{"line":144,"column":5}}},{"name":"showToast","type":"method","loc":{"start":{"line":146,"column":4},"end":{"line":153,"column":5}}},{"name":"handleSearch","type":"method","loc":{"start":{"line":155,"column":4},"end":{"line":161,"column":5}}},{"name":"filterRecords","type":"method","loc":{"start":{"line":163,"column":4},"end":{"line":175,"column":5}}}],"file":"d:/NestedRelatedListComp16.6/NestedRelatedListComp2/force-app/main/default/lwc/grandchildRelatedList/grandchildRelatedList.js","metadata":{"decorators":[{"type":"api","targets":[{"name":"childId","type":"property","value":{"type":"unresolved"}},{"name":"grandchildObjectApiName","type":"property","value":{"type":"unresolved"}},{"name":"grandchildFieldset","type":"property","value":{"type":"unresolved"}},{"name":"childField","type":"property","value":{"type":"unresolved"}},{"type":"method","name":"refreshData"}]},{"type":"track","targets":[{"name":"columns","type":"property"},{"name":"grandchildRecords","type":"property"},{"name":"filteredRecords","type":"property"},{"name":"isLoading","type":"property"},{"name":"sortBy","type":"property"},{"name":"sortDirection","type":"property"},{"name":"isEditModalOpen","type":"property"},{"name":"recordIdToEdit","type":"property"},{"name":"searchTerms","type":"property"}]}],"classMembers":[{"name":"childId","type":"property","value":{"type":"unresolved"},"decorator":"api","loc":{"start":{"line":8,"column":4},"end":{"line":8,"column":17}}},{"name":"grandchildObjectApiName","type":"property","value":{"type":"unresolved"},"decorator":"api","loc":{"start":{"line":9,"column":4},"end":{"line":9,"column":33}}},{"name":"grandchildFieldset","type":"property","value":{"type":"unresolved"},"decorator":"api","loc":{"start":{"line":10,"column":4},"end":{"line":10,"column":28}}},{"name":"childField","type":"property","value":{"type":"unresolved"},"decorator":"api","loc":{"start":{"line":11,"column":4},"end":{"line":11,"column":20}}},{"name":"columns","type":"property","decorator":"track","loc":{"start":{"line":13,"column":4},"end":{"line":13,"column":24}}},{"name":"grandchildRecords","type":"property","decorator":"track","loc":{"start":{"line":14,"column":4},"end":{"line":14,"column":34}}},{"name":"filteredRecords","type":"property","decorator":"track","loc":{"start":{"line":15,"column":4},"end":{"line":15,"column":32}}},{"name":"isLoading","type":"property","value":{"type":"boolean","value":true},"decorator":"track","loc":{"start":{"line":16,"column":4},"end":{"line":16,"column":28}}},{"name":"sortBy","type":"property","decorator":"track","loc":{"start":{"line":17,"column":4},"end":{"line":17,"column":18}}},{"name":"sortDirection","type":"property","decorator":"track","loc":{"start":{"line":18,"column":4},"end":{"line":18,"column":33}}},{"name":"isEditModalOpen","type":"property","value":{"type":"boolean","value":false},"decorator":"track","loc":{"start":{"line":19,"column":4},"end":{"line":19,"column":35}}},{"name":"recordIdToEdit","type":"property","decorator":"track","loc":{"start":{"line":20,"column":4},"end":{"line":20,"column":26}}},{"name":"searchTerms","type":"property","value":{"type":"object","value":{}},"decorator":"track","loc":{"start":{"line":21,"column":4},"end":{"line":21,"column":28}}},{"name":"refreshData","type":"method","decorator":"api","loc":{"start":{"line":23,"column":4},"end":{"line":26,"column":5}}},{"name":"connectedCallback","type":"method","loc":{"start":{"line":28,"column":4},"end":{"line":30,"column":5}}},{"name":"loadGrandchildRecords","type":"method","loc":{"start":{"line":32,"column":4},"end":{"line":51,"column":5}}},{"name":"transformColumns","type":"method","loc":{"start":{"line":53,"column":4},"end":{"line":68,"column":5}}},{"name":"getRowActions","type":"method","loc":{"start":{"line":70,"column":4},"end":{"line":76,"column":5}}},{"name":"handleSort","type":"method","loc":{"start":{"line":78,"column":4},"end":{"line":84,"column":5}}},{"name":"sortData","type":"method","loc":{"start":{"line":86,"column":4},"end":{"line":100,"column":5}}},{"name":"handleRowAction","type":"method","loc":{"start":{"line":102,"column":4},"end":{"line":113,"column":5}}},{"name":"editRecord","type":"method","loc":{"start":{"line":115,"column":4},"end":{"line":118,"column":5}}},{"name":"closeEditModal","type":"method","loc":{"start":{"line":120,"column":4},"end":{"line":125,"column":5}}},{"name":"deleteRecord","type":"method","loc":{"start":{"line":127,"column":4},"end":{"line":139,"column":5}}},{"name":"removeRecordFromList","type":"method","loc":{"start":{"line":141,"column":4},"end":{"line":144,"column":5}}},{"name":"showToast","type":"method","loc":{"start":{"line":146,"column":4},"end":{"line":153,"column":5}}},{"name":"handleSearch","type":"method","loc":{"start":{"line":155,"column":4},"end":{"line":161,"column":5}}},{"name":"filterRecords","type":"method","loc":{"start":{"line":163,"column":4},"end":{"line":175,"column":5}}}],"declarationLoc":{"start":{"line":7,"column":0},"end":{"line":176,"column":1}},"doc":"","exports":[{"type":"ExportDefaultDeclaration"}]},"updatedAt":"2024-08-13T05:25:58.464Z"}]