[{"_allAttributes":{"publicAttributes":[{"name":"parent-object-api-name","memberType":0,"decorator":0,"location":{"uri":"file:///d%3A/nestedRelatedList/force-app/main/default/lwc/nestedRelatedList/nestedRelatedList.js","range":{"start":{"line":6,"character":4},"end":{"line":6,"character":41}}},"detail":"LWC custom attribute"},{"name":"child-object-api-name","memberType":0,"decorator":0,"location":{"uri":"file:///d%3A/nestedRelatedList/force-app/main/default/lwc/nestedRelatedList/nestedRelatedList.js","range":{"start":{"line":7,"character":4},"end":{"line":7,"character":44}}},"detail":"LWC custom attribute"},{"name":"grandchild-object-api-name","memberType":0,"decorator":0,"location":{"uri":"file:///d%3A/nestedRelatedList/force-app/main/default/lwc/nestedRelatedList/nestedRelatedList.js","range":{"start":{"line":8,"character":4},"end":{"line":8,"character":57}}},"detail":"LWC custom attribute"},{"name":"parent-fieldset","memberType":0,"decorator":0,"location":{"uri":"file:///d%3A/nestedRelatedList/force-app/main/default/lwc/nestedRelatedList/nestedRelatedList.js","range":{"start":{"line":9,"character":4},"end":{"line":9,"character":44}}},"detail":"LWC custom attribute"},{"name":"child-fieldset","memberType":0,"decorator":0,"location":{"uri":"file:///d%3A/nestedRelatedList/force-app/main/default/lwc/nestedRelatedList/nestedRelatedList.js","range":{"start":{"line":10,"character":4},"end":{"line":10,"character":47}}},"detail":"LWC custom attribute"},{"name":"grandchild-fieldset","memberType":0,"decorator":0,"location":{"uri":"file:///d%3A/nestedRelatedList/force-app/main/default/lwc/nestedRelatedList/nestedRelatedList.js","range":{"start":{"line":11,"character":4},"end":{"line":11,"character":60}}},"detail":"LWC custom attribute"}],"privateAttributes":[{"name":"parent-records","memberType":0,"decorator":1,"location":{"uri":"file:///d%3A/nestedRelatedList/force-app/main/default/lwc/nestedRelatedList/nestedRelatedList.js","range":{"start":{"line":13,"character":4},"end":{"line":13,"character":30}}},"detail":"LWC custom attribute"},{"name":"child-records","memberType":0,"decorator":1,"location":{"uri":"file:///d%3A/nestedRelatedList/force-app/main/default/lwc/nestedRelatedList/nestedRelatedList.js","range":{"start":{"line":14,"character":4},"end":{"line":14,"character":29}}},"detail":"LWC custom attribute"},{"name":"grandchild-records","memberType":0,"decorator":1,"location":{"uri":"file:///d%3A/nestedRelatedList/force-app/main/default/lwc/nestedRelatedList/nestedRelatedList.js","range":{"start":{"line":15,"character":4},"end":{"line":15,"character":34}}},"detail":"LWC custom attribute"},{"name":"expanded-parent-id","memberType":0,"decorator":1,"location":{"uri":"file:///d%3A/nestedRelatedList/force-app/main/default/lwc/nestedRelatedList/nestedRelatedList.js","range":{"start":{"line":17,"character":4},"end":{"line":17,"character":35}}},"detail":"LWC custom attribute"},{"name":"expanded-child-id","memberType":0,"decorator":1,"location":{"uri":"file:///d%3A/nestedRelatedList/force-app/main/default/lwc/nestedRelatedList/nestedRelatedList.js","range":{"start":{"line":18,"character":4},"end":{"line":18,"character":34}}},"detail":"LWC custom attribute"},{"name":"parent-columns","memberType":0,"location":{"uri":"file:///d%3A/nestedRelatedList/force-app/main/default/lwc/nestedRelatedList/nestedRelatedList.js","range":{"start":{"line":20,"character":4},"end":{"line":32,"character":6}}},"detail":"LWC custom attribute"},{"name":"child-columns","memberType":0,"location":{"uri":"file:///d%3A/nestedRelatedList/force-app/main/default/lwc/nestedRelatedList/nestedRelatedList.js","range":{"start":{"line":34,"character":4},"end":{"line":46,"character":6}}},"detail":"LWC custom attribute"},{"name":"grandchild-columns","memberType":0,"location":{"uri":"file:///d%3A/nestedRelatedList/force-app/main/default/lwc/nestedRelatedList/nestedRelatedList.js","range":{"start":{"line":48,"character":4},"end":{"line":54,"character":6}}},"detail":"LWC custom attribute"}]},"_properties":null,"_methods":[{"name":"connectedCallback","type":"method","loc":{"start":{"line":57,"column":4},"end":{"line":59,"column":5}}},{"name":"loadParentRecords","type":"method","loc":{"start":{"line":61,"column":4},"end":{"line":69,"column":5}}},{"name":"handleRowAction","type":"method","loc":{"start":{"line":71,"column":4},"end":{"line":75,"column":5}}},{"name":"loadChildRecords","type":"method","loc":{"start":{"line":77,"column":4},"end":{"line":90,"column":5}}},{"name":"handleChildRowAction","type":"method","loc":{"start":{"line":92,"column":4},"end":{"line":96,"column":5}}},{"name":"loadGrandchildRecords","type":"method","loc":{"start":{"line":98,"column":4},"end":{"line":111,"column":5}}}],"file":"d:/nestedRelatedList/force-app/main/default/lwc/nestedRelatedList/nestedRelatedList.js","metadata":{"decorators":[{"type":"api","targets":[{"name":"parentObjectApiName","type":"property","value":{"type":"string","value":"Account"}},{"name":"childObjectApiName","type":"property","value":{"type":"string","value":"Opportunity"}},{"name":"grandchildObjectApiName","type":"property","value":{"type":"string","value":"OpportunityLineItem"}},{"name":"parentFieldset","type":"property","value":{"type":"string","value":"AccountFieldset"}},{"name":"childFieldset","type":"property","value":{"type":"string","value":"OpportunityFieldset"}},{"name":"grandchildFieldset","type":"property","value":{"type":"string","value":"OpportunityLineItemFieldset"}}]},{"type":"track","targets":[{"name":"parentRecords","type":"property"},{"name":"childRecords","type":"property"},{"name":"grandchildRecords","type":"property"},{"name":"expandedParentId","type":"property"},{"name":"expandedChildId","type":"property"}]}],"classMembers":[{"name":"parentObjectApiName","type":"property","value":{"type":"string","value":"Account"},"decorator":"api","loc":{"start":{"line":7,"column":4},"end":{"line":7,"column":41}}},{"name":"childObjectApiName","type":"property","value":{"type":"string","value":"Opportunity"},"decorator":"api","loc":{"start":{"line":8,"column":4},"end":{"line":8,"column":44}}},{"name":"grandchildObjectApiName","type":"property","value":{"type":"string","value":"OpportunityLineItem"},"decorator":"api","loc":{"start":{"line":9,"column":4},"end":{"line":9,"column":57}}},{"name":"parentFieldset","type":"property","value":{"type":"string","value":"AccountFieldset"},"decorator":"api","loc":{"start":{"line":10,"column":4},"end":{"line":10,"column":44}}},{"name":"childFieldset","type":"property","value":{"type":"string","value":"OpportunityFieldset"},"decorator":"api","loc":{"start":{"line":11,"column":4},"end":{"line":11,"column":47}}},{"name":"grandchildFieldset","type":"property","value":{"type":"string","value":"OpportunityLineItemFieldset"},"decorator":"api","loc":{"start":{"line":12,"column":4},"end":{"line":12,"column":60}}},{"name":"parentRecords","type":"property","decorator":"track","loc":{"start":{"line":14,"column":4},"end":{"line":14,"column":30}}},{"name":"childRecords","type":"property","decorator":"track","loc":{"start":{"line":15,"column":4},"end":{"line":15,"column":29}}},{"name":"grandchildRecords","type":"property","decorator":"track","loc":{"start":{"line":16,"column":4},"end":{"line":16,"column":34}}},{"name":"expandedParentId","type":"property","value":{"type":"null","value":null},"decorator":"track","loc":{"start":{"line":18,"column":4},"end":{"line":18,"column":35}}},{"name":"expandedChildId","type":"property","value":{"type":"null","value":null},"decorator":"track","loc":{"start":{"line":19,"column":4},"end":{"line":19,"column":34}}},{"name":"parentColumns","type":"property","loc":{"start":{"line":21,"column":4},"end":{"line":33,"column":6}}},{"name":"childColumns","type":"property","loc":{"start":{"line":35,"column":4},"end":{"line":47,"column":6}}},{"name":"grandchildColumns","type":"property","loc":{"start":{"line":49,"column":4},"end":{"line":55,"column":6}}},{"name":"connectedCallback","type":"method","loc":{"start":{"line":57,"column":4},"end":{"line":59,"column":5}}},{"name":"loadParentRecords","type":"method","loc":{"start":{"line":61,"column":4},"end":{"line":69,"column":5}}},{"name":"handleRowAction","type":"method","loc":{"start":{"line":71,"column":4},"end":{"line":75,"column":5}}},{"name":"loadChildRecords","type":"method","loc":{"start":{"line":77,"column":4},"end":{"line":90,"column":5}}},{"name":"handleChildRowAction","type":"method","loc":{"start":{"line":92,"column":4},"end":{"line":96,"column":5}}},{"name":"loadGrandchildRecords","type":"method","loc":{"start":{"line":98,"column":4},"end":{"line":111,"column":5}}}],"declarationLoc":{"start":{"line":6,"column":0},"end":{"line":112,"column":1}},"doc":"","exports":[{"type":"ExportDefaultDeclaration"}]},"updatedAt":"2024-07-31T09:50:15.513Z"}]