[{"_allAttributes":null,"_properties":null,"_methods":null,"file":"d:/nestedRelatedList1.3.3/nestedRelatedList/force-app/main/default/lwc/nestedRelatedList/nestedRelatedList.js","metadata":{"decorators":[{"type":"api","targets":[{"name":"parentObjectApiName","type":"property","value":{"type":"string","value":"Account"}},{"name":"childObjectApiName","type":"property","value":{"type":"string","value":"Opportunity"}},{"name":"grandchildObjectApiName","type":"property","value":{"type":"string","value":"OpportunityLineItem"}},{"name":"parentFieldset","type":"property","value":{"type":"string","value":"AccountFieldset"}},{"name":"childFieldset","type":"property","value":{"type":"string","value":"OpportunityFieldset"}},{"name":"grandchildFieldset","type":"property","value":{"type":"string","value":"OpportunityLineItemFieldset"}}]},{"type":"track","targets":[{"name":"gridData","type":"property"},{"name":"gridExpandedRows","type":"property"},{"name":"parentColumns","type":"property"},{"name":"originalGridData","type":"property"}]}],"classMembers":[{"name":"parentObjectApiName","type":"property","value":{"type":"string","value":"Account"},"decorator":"api","loc":{"start":{"line":10,"column":4},"end":{"line":10,"column":41}}},{"name":"childObjectApiName","type":"property","value":{"type":"string","value":"Opportunity"},"decorator":"api","loc":{"start":{"line":11,"column":4},"end":{"line":11,"column":44}}},{"name":"grandchildObjectApiName","type":"property","value":{"type":"string","value":"OpportunityLineItem"},"decorator":"api","loc":{"start":{"line":12,"column":4},"end":{"line":12,"column":57}}},{"name":"parentFieldset","type":"property","value":{"type":"string","value":"AccountFieldset"},"decorator":"api","loc":{"start":{"line":13,"column":4},"end":{"line":13,"column":44}}},{"name":"childFieldset","type":"property","value":{"type":"string","value":"OpportunityFieldset"},"decorator":"api","loc":{"start":{"line":14,"column":4},"end":{"line":14,"column":47}}},{"name":"grandchildFieldset","type":"property","value":{"type":"string","value":"OpportunityLineItemFieldset"},"decorator":"api","loc":{"start":{"line":15,"column":4},"end":{"line":15,"column":60}}},{"name":"gridData","type":"property","decorator":"track","loc":{"start":{"line":17,"column":4},"end":{"line":17,"column":25}}},{"name":"gridExpandedRows","type":"property","decorator":"track","loc":{"start":{"line":18,"column":4},"end":{"line":18,"column":33}}},{"name":"parentColumns","type":"property","decorator":"track","loc":{"start":{"line":19,"column":4},"end":{"line":19,"column":30}}},{"name":"originalGridData","type":"property","decorator":"track","loc":{"start":{"line":20,"column":4},"end":{"line":20,"column":33}}},{"name":"gridLoadingState","type":"property","value":{"type":"boolean","value":false},"loc":{"start":{"line":21,"column":4},"end":{"line":21,"column":29}}},{"name":"searchKey","type":"property","value":{"type":"string","value":""},"loc":{"start":{"line":22,"column":4},"end":{"line":22,"column":19}}},{"name":"sortedBy","type":"property","loc":{"start":{"line":23,"column":4},"end":{"line":23,"column":13}}},{"name":"sortedDirection","type":"property","loc":{"start":{"line":24,"column":4},"end":{"line":24,"column":20}}},{"name":"connectedCallback","type":"method","loc":{"start":{"line":26,"column":4},"end":{"line":28,"column":5}}},{"name":"loadParentRecords","type":"method","loc":{"start":{"line":30,"column":4},"end":{"line":45,"column":5}}},{"name":"handleRowToggle","type":"method","loc":{"start":{"line":47,"column":4},"end":{"line":55,"column":5}}},{"name":"loadChildRecords","type":"method","loc":{"start":{"line":57,"column":4},"end":{"line":80,"column":5}}},{"name":"loadGrandchildRecords","type":"method","loc":{"start":{"line":82,"column":4},"end":{"line":101,"column":5}}},{"name":"addChildrenToRow","type":"method","loc":{"start":{"line":103,"column":4},"end":{"line":114,"column":5}}},{"name":"findRowById","type":"method","loc":{"start":{"line":116,"column":4},"end":{"line":129,"column":5}}},{"name":"handleRowAction","type":"method","loc":{"start":{"line":131,"column":4},"end":{"line":144,"column":5}}},{"name":"editRecord","type":"method","loc":{"start":{"line":146,"column":4},"end":{"line":156,"column":5}}},{"name":"deleteRecord","type":"method","loc":{"start":{"line":158,"column":4},"end":{"line":168,"column":5}}},{"name":"createColumns","type":"method","loc":{"start":{"line":170,"column":4},"end":{"line":183,"column":5}}},{"name":"handleSearch","type":"method","loc":{"start":{"line":185,"column":4},"end":{"line":192,"column":5}}},{"name":"filterData","type":"method","loc":{"start":{"line":194,"column":4},"end":{"line":208,"column":5}}},{"name":"handleSort","type":"method","loc":{"start":{"line":210,"column":4},"end":{"line":215,"column":5}}},{"name":"sortData","type":"method","loc":{"start":{"line":217,"column":4},"end":{"line":230,"column":5}}},{"name":"showToast","type":"method","loc":{"start":{"line":232,"column":4},"end":{"line":239,"column":5}}},{"name":"actions","type":"property","loc":{"start":{"line":241,"column":4},"end":{"line":244,"column":6}}}],"declarationLoc":{"start":{"line":9,"column":0},"end":{"line":245,"column":1}},"doc":"","exports":[{"type":"ExportDefaultDeclaration"}]},"updatedAt":"2024-08-01T22:19:04.486Z"}]