[{"_allAttributes":null,"_properties":null,"_methods":null,"file":"d:/nestedRelatedList1.3.2/nestedRelatedList/force-app/main/default/lwc/nestedRelatedList/nestedRelatedList.js","metadata":{"decorators":[{"type":"api","targets":[{"name":"parentObjectApiName","type":"property","value":{"type":"string","value":"Account"}},{"name":"childObjectApiName","type":"property","value":{"type":"string","value":"Opportunity"}},{"name":"grandchildObjectApiName","type":"property","value":{"type":"string","value":"OpportunityLineItem"}},{"name":"parentFieldset","type":"property","value":{"type":"string","value":"AccountFieldset"}},{"name":"childFieldset","type":"property","value":{"type":"string","value":"OpportunityFieldset"}},{"name":"grandchildFieldset","type":"property","value":{"type":"string","value":"OpportunityLineItemFieldset"}}]},{"type":"track","targets":[{"name":"gridData","type":"property"},{"name":"gridExpandedRows","type":"property"}]}],"classMembers":[{"name":"parentObjectApiName","type":"property","value":{"type":"string","value":"Account"},"decorator":"api","loc":{"start":{"line":7,"column":4},"end":{"line":7,"column":41}}},{"name":"childObjectApiName","type":"property","value":{"type":"string","value":"Opportunity"},"decorator":"api","loc":{"start":{"line":8,"column":4},"end":{"line":8,"column":44}}},{"name":"grandchildObjectApiName","type":"property","value":{"type":"string","value":"OpportunityLineItem"},"decorator":"api","loc":{"start":{"line":9,"column":4},"end":{"line":9,"column":57}}},{"name":"parentFieldset","type":"property","value":{"type":"string","value":"AccountFieldset"},"decorator":"api","loc":{"start":{"line":10,"column":4},"end":{"line":10,"column":44}}},{"name":"childFieldset","type":"property","value":{"type":"string","value":"OpportunityFieldset"},"decorator":"api","loc":{"start":{"line":11,"column":4},"end":{"line":11,"column":47}}},{"name":"grandchildFieldset","type":"property","value":{"type":"string","value":"OpportunityLineItemFieldset"},"decorator":"api","loc":{"start":{"line":12,"column":4},"end":{"line":12,"column":60}}},{"name":"gridData","type":"property","decorator":"track","loc":{"start":{"line":14,"column":4},"end":{"line":14,"column":25}}},{"name":"gridExpandedRows","type":"property","decorator":"track","loc":{"start":{"line":15,"column":4},"end":{"line":15,"column":33}}},{"name":"gridLoadingState","type":"property","value":{"type":"boolean","value":false},"loc":{"start":{"line":16,"column":4},"end":{"line":16,"column":29}}},{"name":"connectedCallback","type":"method","loc":{"start":{"line":18,"column":4},"end":{"line":20,"column":5}}},{"name":"loadParentRecords","type":"method","loc":{"start":{"line":22,"column":4},"end":{"line":37,"column":5}}},{"name":"handleRowToggle","type":"method","loc":{"start":{"line":39,"column":4},"end":{"line":47,"column":5}}},{"name":"loadChildRecords","type":"method","loc":{"start":{"line":49,"column":4},"end":{"line":72,"column":5}}},{"name":"loadGrandchildRecords","type":"method","loc":{"start":{"line":74,"column":4},"end":{"line":93,"column":5}}},{"name":"addChildrenToRow","type":"method","loc":{"start":{"line":95,"column":4},"end":{"line":106,"column":5}}},{"name":"findRowById","type":"method","loc":{"start":{"line":108,"column":4},"end":{"line":121,"column":5}}},{"name":"createColumns","type":"method","loc":{"start":{"line":123,"column":4},"end":{"line":136,"column":5}}}],"declarationLoc":{"start":{"line":6,"column":0},"end":{"line":137,"column":1}},"doc":"","exports":[{"type":"ExportDefaultDeclaration"}]},"updatedAt":"2024-08-01T08:17:50.612Z"}]