[{"_allAttributes":{"publicAttributes":[{"name":"parent-object-api-name","memberType":0,"decorator":0,"location":{"uri":"file:///d%3A/NestedRelatedListComp/force-app/main/default/lwc/nestedRelatedList/nestedRelatedList.js","range":{"start":{"line":5,"character":4},"end":{"line":5,"character":29}}},"detail":"LWC custom attribute"},{"name":"child-object-api-name","memberType":0,"decorator":0,"location":{"uri":"file:///d%3A/NestedRelatedListComp/force-app/main/default/lwc/nestedRelatedList/nestedRelatedList.js","range":{"start":{"line":6,"character":4},"end":{"line":6,"character":28}}},"detail":"LWC custom attribute"},{"name":"parent-fieldset","memberType":0,"decorator":0,"location":{"uri":"file:///d%3A/NestedRelatedListComp/force-app/main/default/lwc/nestedRelatedList/nestedRelatedList.js","range":{"start":{"line":7,"character":4},"end":{"line":7,"character":24}}},"detail":"LWC custom attribute"},{"name":"child-fieldset","memberType":0,"decorator":0,"location":{"uri":"file:///d%3A/NestedRelatedListComp/force-app/main/default/lwc/nestedRelatedList/nestedRelatedList.js","range":{"start":{"line":8,"character":4},"end":{"line":8,"character":23}}},"detail":"LWC custom attribute"},{"name":"parent-field","memberType":0,"decorator":0,"location":{"uri":"file:///d%3A/NestedRelatedListComp/force-app/main/default/lwc/nestedRelatedList/nestedRelatedList.js","range":{"start":{"line":9,"character":4},"end":{"line":9,"character":21}}},"detail":"LWC custom attribute"},{"name":"child-field","memberType":0,"decorator":0,"location":{"uri":"file:///d%3A/NestedRelatedListComp/force-app/main/default/lwc/nestedRelatedList/nestedRelatedList.js","range":{"start":{"line":10,"character":4},"end":{"line":10,"character":20}}},"detail":"LWC custom attribute"}],"privateAttributes":[{"name":"parent-records","memberType":0,"decorator":1,"location":{"uri":"file:///d%3A/NestedRelatedListComp/force-app/main/default/lwc/nestedRelatedList/nestedRelatedList.js","range":{"start":{"line":12,"character":4},"end":{"line":12,"character":30}}},"detail":"LWC custom attribute"},{"name":"filtered-parent-records","memberType":0,"decorator":1,"location":{"uri":"file:///d%3A/NestedRelatedListComp/force-app/main/default/lwc/nestedRelatedList/nestedRelatedList.js","range":{"start":{"line":13,"character":4},"end":{"line":13,"character":38}}},"detail":"LWC custom attribute"},{"name":"parent-columns","memberType":0,"decorator":1,"location":{"uri":"file:///d%3A/NestedRelatedListComp/force-app/main/default/lwc/nestedRelatedList/nestedRelatedList.js","range":{"start":{"line":14,"character":4},"end":{"line":14,"character":30}}},"detail":"LWC custom attribute"}]},"_properties":null,"_methods":[{"name":"connectedCallback","type":"method","loc":{"start":{"line":17,"column":4},"end":{"line":19,"column":5}}},{"name":"loadParentRecords","type":"method","loc":{"start":{"line":21,"column":4},"end":{"line":42,"column":5}}},{"name":"toggleParent","type":"method","loc":{"start":{"line":44,"column":4},"end":{"line":53,"column":5}}},{"name":"loadChildRecords","type":"method","loc":{"start":{"line":55,"column":4},"end":{"line":75,"column":5}}},{"name":"handleParentSearch","type":"method","loc":{"start":{"line":77,"column":4},"end":{"line":82,"column":5}}},{"name":"handleChildSearch","type":"method","loc":{"start":{"line":84,"column":4},"end":{"line":89,"column":5}}}],"file":"d:/NestedRelatedListComp/force-app/main/default/lwc/nestedRelatedList/nestedRelatedList.js","metadata":{"decorators":[{"type":"api","targets":[{"name":"parentObjectApiName","type":"property","value":{"type":"unresolved"}},{"name":"childObjectApiName","type":"property","value":{"type":"unresolved"}},{"name":"parentFieldset","type":"property","value":{"type":"unresolved"}},{"name":"childFieldset","type":"property","value":{"type":"unresolved"}},{"name":"parentField","type":"property","value":{"type":"unresolved"}},{"name":"childField","type":"property","value":{"type":"unresolved"}}]},{"type":"track","targets":[{"name":"parentRecords","type":"property"},{"name":"filteredParentRecords","type":"property"},{"name":"parentColumns","type":"property"}]}],"classMembers":[{"name":"parentObjectApiName","type":"property","value":{"type":"unresolved"},"decorator":"api","loc":{"start":{"line":6,"column":4},"end":{"line":6,"column":29}}},{"name":"childObjectApiName","type":"property","value":{"type":"unresolved"},"decorator":"api","loc":{"start":{"line":7,"column":4},"end":{"line":7,"column":28}}},{"name":"parentFieldset","type":"property","value":{"type":"unresolved"},"decorator":"api","loc":{"start":{"line":8,"column":4},"end":{"line":8,"column":24}}},{"name":"childFieldset","type":"property","value":{"type":"unresolved"},"decorator":"api","loc":{"start":{"line":9,"column":4},"end":{"line":9,"column":23}}},{"name":"parentField","type":"property","value":{"type":"unresolved"},"decorator":"api","loc":{"start":{"line":10,"column":4},"end":{"line":10,"column":21}}},{"name":"childField","type":"property","value":{"type":"unresolved"},"decorator":"api","loc":{"start":{"line":11,"column":4},"end":{"line":11,"column":20}}},{"name":"parentRecords","type":"property","decorator":"track","loc":{"start":{"line":13,"column":4},"end":{"line":13,"column":30}}},{"name":"filteredParentRecords","type":"property","decorator":"track","loc":{"start":{"line":14,"column":4},"end":{"line":14,"column":38}}},{"name":"parentColumns","type":"property","decorator":"track","loc":{"start":{"line":15,"column":4},"end":{"line":15,"column":30}}},{"name":"connectedCallback","type":"method","loc":{"start":{"line":17,"column":4},"end":{"line":19,"column":5}}},{"name":"loadParentRecords","type":"method","loc":{"start":{"line":21,"column":4},"end":{"line":42,"column":5}}},{"name":"toggleParent","type":"method","loc":{"start":{"line":44,"column":4},"end":{"line":53,"column":5}}},{"name":"loadChildRecords","type":"method","loc":{"start":{"line":55,"column":4},"end":{"line":75,"column":5}}},{"name":"handleParentSearch","type":"method","loc":{"start":{"line":77,"column":4},"end":{"line":82,"column":5}}},{"name":"handleChildSearch","type":"method","loc":{"start":{"line":84,"column":4},"end":{"line":89,"column":5}}}],"declarationLoc":{"start":{"line":5,"column":0},"end":{"line":90,"column":1}},"doc":"","exports":[{"type":"ExportDefaultDeclaration"}]},"updatedAt":"2024-08-09T11:38:55.926Z"}]