<?xml version="1.0" encoding="UTF-8"?>
<LightningComponentBundle xmlns="http://soap.sforce.com/2006/04/metadata" fqn="nestedRelatedList">
    <apiVersion>53.0</apiVersion>
    <isExposed>true</isExposed>
    <targets>
        <target>lightning__RecordPage</target>
        <target>lightning__AppPage</target>
        <target>lightning__HomePage</target>
    </targets>
    <targetConfigs>
        <targetConfig targets="lightning__RecordPage,lightning__AppPage,lightning__HomePage">
            <property name="parentObjectApiName" type="String" label="Parent Object API Name"/>
            <property name="childObjectApiName" type="String" label="Child Object API Name"/>
            <property name="grandchildObjectApiName" type="String" label="Grandchild Object API Name"/>
            <property name="parentFieldset" type="String" label="Parent Fieldset"/>
            <property name="childFieldset" type="String" label="Child Fieldset"/>
            <property name="grandchildFieldset" type="String" label="Grandchild Fieldset"/>
        </targetConfig>
    </targetConfigs>
</LightningComponentBundle>
