[{"_allAttributes":null,"_properties":null,"_methods":null,"file":"d:/nestedRelatedList1.3.1/nestedRelatedList/force-app/main/default/lwc/nestedRelatedList/nestedRelatedList.js","metadata":{"decorators":[{"type":"api","targets":[{"name":"parentObjectApiName","type":"property","value":{"type":"string","value":"Account"}},{"name":"childObjectApiName","type":"property","value":{"type":"string","value":"Opportunity"}},{"name":"grandchildObjectApiName","type":"property","value":{"type":"string","value":"OpportunityLineItem"}},{"name":"parentFieldset","type":"property","value":{"type":"string","value":"AccountFieldset"}},{"name":"childFieldset","type":"property","value":{"type":"string","value":"OpportunityFieldset"}},{"name":"grandchildFieldset","type":"property","value":{"type":"string","value":"OpportunityLineItemFieldset"}}]},{"type":"track","targets":[{"name":"parentRecords","type":"property"},{"name":"childRecords","type":"property"},{"name":"grandchildRecords","type":"property"},{"name":"parentColumns","type":"property"},{"name":"childColumns","type":"property"},{"name":"grandchildColumns","type":"property"},{"name":"expandedParentId","type":"property"},{"name":"expandedChildId","type":"property"},{"name":"record","type":"property"}]}],"classMembers":[{"name":"parentObjectApiName","type":"property","value":{"type":"string","value":"Account"},"decorator":"api","loc":{"start":{"line":12,"column":4},"end":{"line":12,"column":41}}},{"name":"childObjectApiName","type":"property","value":{"type":"string","value":"Opportunity"},"decorator":"api","loc":{"start":{"line":13,"column":4},"end":{"line":13,"column":44}}},{"name":"grandchildObjectApiName","type":"property","value":{"type":"string","value":"OpportunityLineItem"},"decorator":"api","loc":{"start":{"line":14,"column":4},"end":{"line":14,"column":57}}},{"name":"parentFieldset","type":"property","value":{"type":"string","value":"AccountFieldset"},"decorator":"api","loc":{"start":{"line":15,"column":4},"end":{"line":15,"column":44}}},{"name":"childFieldset","type":"property","value":{"type":"string","value":"OpportunityFieldset"},"decorator":"api","loc":{"start":{"line":16,"column":4},"end":{"line":16,"column":47}}},{"name":"grandchildFieldset","type":"property","value":{"type":"string","value":"OpportunityLineItemFieldset"},"decorator":"api","loc":{"start":{"line":17,"column":4},"end":{"line":17,"column":60}}},{"name":"parentRecords","type":"property","decorator":"track","loc":{"start":{"line":19,"column":4},"end":{"line":19,"column":30}}},{"name":"childRecords","type":"property","decorator":"track","loc":{"start":{"line":20,"column":4},"end":{"line":20,"column":29}}},{"name":"grandchildRecords","type":"property","decorator":"track","loc":{"start":{"line":21,"column":4},"end":{"line":21,"column":34}}},{"name":"parentColumns","type":"property","decorator":"track","loc":{"start":{"line":23,"column":4},"end":{"line":23,"column":30}}},{"name":"childColumns","type":"property","decorator":"track","loc":{"start":{"line":24,"column":4},"end":{"line":24,"column":29}}},{"name":"grandchildColumns","type":"property","decorator":"track","loc":{"start":{"line":25,"column":4},"end":{"line":25,"column":34}}},{"name":"expandedParentId","type":"property","value":{"type":"null","value":null},"decorator":"track","loc":{"start":{"line":27,"column":4},"end":{"line":27,"column":35}}},{"name":"expandedChildId","type":"property","value":{"type":"null","value":null},"decorator":"track","loc":{"start":{"line":28,"column":4},"end":{"line":28,"column":34}}},{"name":"record","type":"property","value":{"type":"object","value":{}},"decorator":"track","loc":{"start":{"line":30,"column":4},"end":{"line":30,"column":23}}},{"name":"connectedCallback","type":"method","loc":{"start":{"line":32,"column":4},"end":{"line":34,"column":5}}},{"name":"loadParentRecords","type":"method","loc":{"start":{"line":36,"column":4},"end":{"line":45,"column":5}}},{"name":"loadChildRecords","type":"method","loc":{"start":{"line":47,"column":4},"end":{"line":61,"column":5}}},{"name":"loadGrandchildRecords","type":"method","loc":{"start":{"line":63,"column":4},"end":{"line":77,"column":5}}},{"name":"createColumns","type":"method","loc":{"start":{"line":79,"column":4},"end":{"line":92,"column":5}}},{"name":"handleRowAction","type":"method","loc":{"start":{"line":94,"column":4},"end":{"line":106,"column":5}}},{"name":"handleChildRowAction","type":"method","loc":{"start":{"line":108,"column":4},"end":{"line":120,"column":5}}},{"name":"handleGrandchildRowAction","type":"method","loc":{"start":{"line":122,"column":4},"end":{"line":134,"column":5}}},{"name":"deleteRow","type":"method","loc":{"start":{"line":136,"column":4},"end":{"line":157,"column":5}}},{"name":"findRowIndexById","type":"method","loc":{"start":{"line":159,"column":4},"end":{"line":169,"column":5}}},{"name":"showRowDetails","type":"method","loc":{"start":{"line":171,"column":4},"end":{"line":173,"column":5}}}],"declarationLoc":{"start":{"line":11,"column":0},"end":{"line":174,"column":1}},"doc":"","exports":[{"type":"ExportDefaultDeclaration"}]},"updatedAt":"2024-08-01T07:17:17.488Z"}]