[{"_allAttributes":null,"_properties":null,"_methods":null,"file":"d:/nestedRelatedList1.2.2-Dynamically adding Columns/nestedRelatedList/force-app/main/default/lwc/nestedRelatedList/nestedRelatedList.js","metadata":{"decorators":[{"type":"api","targets":[{"name":"parentObjectApiName","type":"property","value":{"type":"string","value":"Account"}},{"name":"childObjectApiName","type":"property","value":{"type":"string","value":"Opportunity"}},{"name":"grandchildObjectApiName","type":"property","value":{"type":"string","value":"OpportunityLineItem"}},{"name":"parentFieldset","type":"property","value":{"type":"string","value":"AccountFieldset"}},{"name":"childFieldset","type":"property","value":{"type":"string","value":"OpportunityFieldset"}},{"name":"grandchildFieldset","type":"property","value":{"type":"string","value":"OpportunityLineItemFieldset"}}]},{"type":"track","targets":[{"name":"parentRecords","type":"property"},{"name":"childRecords","type":"property"},{"name":"grandchildRecords","type":"property"},{"name":"parentColumns","type":"property"},{"name":"childColumns","type":"property"},{"name":"grandchildColumns","type":"property"},{"name":"expandedParentId","type":"property"},{"name":"expandedChildId","type":"property"}]}],"classMembers":[{"name":"parentObjectApiName","type":"property","value":{"type":"string","value":"Account"},"decorator":"api","loc":{"start":{"line":11,"column":4},"end":{"line":11,"column":41}}},{"name":"childObjectApiName","type":"property","value":{"type":"string","value":"Opportunity"},"decorator":"api","loc":{"start":{"line":12,"column":4},"end":{"line":12,"column":44}}},{"name":"grandchildObjectApiName","type":"property","value":{"type":"string","value":"OpportunityLineItem"},"decorator":"api","loc":{"start":{"line":13,"column":4},"end":{"line":13,"column":57}}},{"name":"parentFieldset","type":"property","value":{"type":"string","value":"AccountFieldset"},"decorator":"api","loc":{"start":{"line":14,"column":4},"end":{"line":14,"column":44}}},{"name":"childFieldset","type":"property","value":{"type":"string","value":"OpportunityFieldset"},"decorator":"api","loc":{"start":{"line":15,"column":4},"end":{"line":15,"column":47}}},{"name":"grandchildFieldset","type":"property","value":{"type":"string","value":"OpportunityLineItemFieldset"},"decorator":"api","loc":{"start":{"line":16,"column":4},"end":{"line":16,"column":60}}},{"name":"parentRecords","type":"property","decorator":"track","loc":{"start":{"line":18,"column":4},"end":{"line":18,"column":30}}},{"name":"childRecords","type":"property","decorator":"track","loc":{"start":{"line":19,"column":4},"end":{"line":19,"column":29}}},{"name":"grandchildRecords","type":"property","decorator":"track","loc":{"start":{"line":20,"column":4},"end":{"line":20,"column":34}}},{"name":"parentColumns","type":"property","decorator":"track","loc":{"start":{"line":22,"column":4},"end":{"line":22,"column":30}}},{"name":"childColumns","type":"property","decorator":"track","loc":{"start":{"line":23,"column":4},"end":{"line":23,"column":29}}},{"name":"grandchildColumns","type":"property","decorator":"track","loc":{"start":{"line":24,"column":4},"end":{"line":24,"column":34}}},{"name":"expandedParentId","type":"property","value":{"type":"null","value":null},"decorator":"track","loc":{"start":{"line":26,"column":4},"end":{"line":26,"column":35}}},{"name":"expandedChildId","type":"property","value":{"type":"null","value":null},"decorator":"track","loc":{"start":{"line":27,"column":4},"end":{"line":27,"column":34}}},{"name":"connectedCallback","type":"method","loc":{"start":{"line":29,"column":4},"end":{"line":31,"column":5}}},{"name":"loadParentRecords","type":"method","loc":{"start":{"line":33,"column":4},"end":{"line":42,"column":5}}},{"name":"loadChildRecords","type":"method","loc":{"start":{"line":44,"column":4},"end":{"line":58,"column":5}}},{"name":"loadGrandchildRecords","type":"method","loc":{"start":{"line":60,"column":4},"end":{"line":74,"column":5}}},{"name":"createColumns","type":"method","loc":{"start":{"line":76,"column":4},"end":{"line":92,"column":5}}},{"name":"getRowActions","type":"method","loc":{"start":{"line":94,"column":4},"end":{"line":101,"column":5}}},{"name":"handleParentRowAction","type":"method","loc":{"start":{"line":103,"column":4},"end":{"line":120,"column":5}}},{"name":"handleChildRowAction","type":"method","loc":{"start":{"line":122,"column":4},"end":{"line":139,"column":5}}},{"name":"handleGrandchildRowAction","type":"method","loc":{"start":{"line":141,"column":4},"end":{"line":154,"column":5}}},{"name":"editRecord","type":"method","loc":{"start":{"line":156,"column":4},"end":{"line":165,"column":5}}},{"name":"deleteRecord","type":"method","loc":{"start":{"line":167,"column":4},"end":{"line":176,"column":5}}},{"name":"addNewRecord","type":"method","loc":{"start":{"line":178,"column":4},"end":{"line":187,"column":5}}},{"name":"refreshData","type":"method","loc":{"start":{"line":189,"column":4},"end":{"line":197,"column":5}}},{"name":"showToast","type":"method","loc":{"start":{"line":199,"column":4},"end":{"line":206,"column":5}}}],"declarationLoc":{"start":{"line":10,"column":0},"end":{"line":207,"column":1}},"doc":"","exports":[{"type":"ExportDefaultDeclaration"}]},"updatedAt":"2024-08-02T14:39:02.813Z"}]