[{"_allAttributes":null,"_properties":null,"_methods":null,"file":"d:/NestedRelatedListComp9.1/NestedRelatedListComp2/force-app/main/default/lwc/nestedRelatedList/nestedRelatedList.js","metadata":{"decorators":[{"type":"api","targets":[{"name":"recordId","type":"property","value":{"type":"unresolved"}},{"name":"childObjectApiName","type":"property","value":{"type":"unresolved"}},{"name":"grandchildObjectApiName","type":"property","value":{"type":"unresolved"}},{"name":"childFieldset","type":"property","value":{"type":"unresolved"}},{"name":"grandchildFieldset","type":"property","value":{"type":"unresolved"}},{"name":"parentField","type":"property","value":{"type":"unresolved"}},{"name":"childField","type":"property","value":{"type":"unresolved"}}]},{"type":"track","targets":[{"name":"columns","type":"property"},{"name":"flattenedRecords","type":"property"},{"name":"sortBy","type":"property"},{"name":"sortDirection","type":"property"},{"name":"searchTerm","type":"property"},{"name":"pageNumber","type":"property"},{"name":"pageSize","type":"property"},{"name":"totalRecords","type":"property"},{"name":"isEditModalOpen","type":"property"},{"name":"recordIdToEdit","type":"property"},{"name":"objectApiNameToEdit","type":"property"}]}],"classMembers":[{"name":"recordId","type":"property","value":{"type":"unresolved"},"decorator":"api","loc":{"start":{"line":8,"column":4},"end":{"line":8,"column":18}}},{"name":"childObjectApiName","type":"property","value":{"type":"unresolved"},"decorator":"api","loc":{"start":{"line":9,"column":4},"end":{"line":9,"column":28}}},{"name":"grandchildObjectApiName","type":"property","value":{"type":"unresolved"},"decorator":"api","loc":{"start":{"line":10,"column":4},"end":{"line":10,"column":33}}},{"name":"childFieldset","type":"property","value":{"type":"unresolved"},"decorator":"api","loc":{"start":{"line":11,"column":4},"end":{"line":11,"column":23}}},{"name":"grandchildFieldset","type":"property","value":{"type":"unresolved"},"decorator":"api","loc":{"start":{"line":12,"column":4},"end":{"line":12,"column":28}}},{"name":"parentField","type":"property","value":{"type":"unresolved"},"decorator":"api","loc":{"start":{"line":13,"column":4},"end":{"line":13,"column":21}}},{"name":"childField","type":"property","value":{"type":"unresolved"},"decorator":"api","loc":{"start":{"line":14,"column":4},"end":{"line":14,"column":20}}},{"name":"columns","type":"property","decorator":"track","loc":{"start":{"line":16,"column":4},"end":{"line":16,"column":24}}},{"name":"flattenedRecords","type":"property","decorator":"track","loc":{"start":{"line":17,"column":4},"end":{"line":17,"column":33}}},{"name":"sortBy","type":"property","decorator":"track","loc":{"start":{"line":18,"column":4},"end":{"line":18,"column":27}}},{"name":"sortDirection","type":"property","decorator":"track","loc":{"start":{"line":19,"column":4},"end":{"line":19,"column":33}}},{"name":"searchTerm","type":"property","decorator":"track","loc":{"start":{"line":20,"column":4},"end":{"line":20,"column":27}}},{"name":"pageNumber","type":"property","decorator":"track","loc":{"start":{"line":21,"column":4},"end":{"line":21,"column":26}}},{"name":"pageSize","type":"property","decorator":"track","loc":{"start":{"line":22,"column":4},"end":{"line":22,"column":25}}},{"name":"totalRecords","type":"property","decorator":"track","loc":{"start":{"line":23,"column":4},"end":{"line":23,"column":28}}},{"name":"isEditModalOpen","type":"property","value":{"type":"boolean","value":false},"decorator":"track","loc":{"start":{"line":24,"column":4},"end":{"line":24,"column":35}}},{"name":"recordIdToEdit","type":"property","decorator":"track","loc":{"start":{"line":25,"column":4},"end":{"line":25,"column":26}}},{"name":"objectApiNameToEdit","type":"property","decorator":"track","loc":{"start":{"line":26,"column":4},"end":{"line":26,"column":31}}},{"name":"connectedCallback","type":"method","loc":{"start":{"line":28,"column":4},"end":{"line":30,"column":5}}},{"name":"loadChildRecords","type":"method","loc":{"start":{"line":32,"column":4},"end":{"line":53,"column":5}}},{"name":"processRecords","type":"method","loc":{"start":{"line":55,"column":4},"end":{"line":57,"column":5}}},{"name":"createFlattenedRecord","type":"method","loc":{"start":{"line":59,"column":4},"end":{"line":79,"column":5}}},{"name":"handleRowToggle","type":"method","loc":{"start":{"line":81,"column":4},"end":{"line":103,"column":5}}},{"name":"loadGrandchildRecords","type":"method","loc":{"start":{"line":105,"column":4},"end":{"line":125,"column":5}}},{"name":"handleSort","type":"method","loc":{"start":{"line":127,"column":4},"end":{"line":132,"column":5}}},{"name":"handleSearch","type":"method","loc":{"start":{"line":134,"column":4},"end":{"line":137,"column":5}}},{"name":"handleRowAction","type":"method","loc":{"start":{"line":139,"column":4},"end":{"line":148,"column":5}}},{"name":"editRecord","type":"method","loc":{"start":{"line":150,"column":4},"end":{"line":154,"column":5}}},{"name":"closeModal","type":"method","loc":{"start":{"line":156,"column":4},"end":{"line":159,"column":5}}},{"name":"deleteRecord","type":"method","loc":{"start":{"line":161,"column":4},"end":{"line":171,"column":5}}},{"name":"handlePrevious","type":"method","loc":{"start":{"line":173,"column":4},"end":{"line":178,"column":5}}},{"name":"handleNext","type":"method","loc":{"start":{"line":180,"column":4},"end":{"line":185,"column":5}}},{"name":"showToast","type":"method","loc":{"start":{"line":187,"column":4},"end":{"line":194,"column":5}}}],"declarationLoc":{"start":{"line":7,"column":0},"end":{"line":195,"column":1}},"doc":"","exports":[{"type":"ExportDefaultDeclaration"}]},"updatedAt":"2024-08-10T20:09:27.728Z"},{"_allAttributes":null,"_properties":null,"_methods":null,"file":"d:/NestedRelatedListComp9.1/NestedRelatedListComp2/force-app/main/default/lwc/editRecordModal/editRecordModal.js","metadata":{"decorators":[{"type":"api","targets":[{"name":"recordId","type":"property","value":{"type":"unresolved"}},{"name":"objectApiName","type":"property","value":{"type":"unresolved"}},{"name":"fieldSet","type":"property","value":{"type":"unresolved"}}]},{"type":"track","targets":[{"name":"fields","type":"property"}]}],"classMembers":[{"name":"recordId","type":"property","value":{"type":"unresolved"},"decorator":"api","loc":{"start":{"line":7,"column":4},"end":{"line":7,"column":18}}},{"name":"objectApiName","type":"property","value":{"type":"unresolved"},"decorator":"api","loc":{"start":{"line":8,"column":4},"end":{"line":8,"column":23}}},{"name":"fieldSet","type":"property","value":{"type":"unresolved"},"decorator":"api","loc":{"start":{"line":9,"column":4},"end":{"line":9,"column":18}}},{"name":"fields","type":"property","decorator":"track","loc":{"start":{"line":11,"column":4},"end":{"line":11,"column":23}}},{"name":"connectedCallback","type":"method","loc":{"start":{"line":13,"column":4},"end":{"line":15,"column":5}}},{"name":"loadFieldSetFields","type":"method","loc":{"start":{"line":17,"column":4},"end":{"line":25,"column":5}}},{"name":"handleSuccess","type":"method","loc":{"start":{"line":27,"column":4},"end":{"line":34,"column":5}}},{"name":"handleCancel","type":"method","loc":{"start":{"line":36,"column":4},"end":{"line":38,"column":5}}},{"name":"handleSave","type":"method","loc":{"start":{"line":40,"column":4},"end":{"line":42,"column":5}}}],"declarationLoc":{"start":{"line":6,"column":0},"end":{"line":43,"column":1}},"doc":"","exports":[{"type":"ExportDefaultDeclaration"}]},"updatedAt":"2024-08-10T20:18:20.045Z"}]