[{"_allAttributes":null,"_properties":null,"_methods":null,"file":"d:/NestedRelatedListComp17.2/NestedRelatedListComp16.7/NestedRelatedListComp2/force-app/main/default/lwc/nestedRelatedList/nestedRelatedList.js","metadata":{"decorators":[{"type":"api","targets":[{"name":"recordId","type":"property","value":{"type":"unresolved"}},{"name":"childObjectApiName","type":"property","value":{"type":"unresolved"}},{"name":"grandchildObjectApiName","type":"property","value":{"type":"unresolved"}},{"name":"childFieldset","type":"property","value":{"type":"unresolved"}},{"name":"grandchildFieldset","type":"property","value":{"type":"unresolved"}},{"name":"parentField","type":"property","value":{"type":"unresolved"}},{"name":"childField","type":"property","value":{"type":"unresolved"}}]},{"type":"track","targets":[{"name":"columns","type":"property"},{"name":"flattenedRecords","type":"property"},{"name":"sortBy","type":"property"},{"name":"sortDirection","type":"property"},{"name":"searchTerm","type":"property"},{"name":"pageNumber","type":"property"},{"name":"pageSize","type":"property"},{"name":"totalRecords","type":"property"},{"name":"isEditModalOpen","type":"property"},{"name":"recordIdToEdit","type":"property"},{"name":"objectApiNameToEdit","type":"property"},{"name":"columnSearchTerms","type":"property"},{"name":"totalRecords","type":"property"},{"name":"lastUpdated","type":"property"}]}],"classMembers":[{"name":"recordId","type":"property","value":{"type":"unresolved"},"decorator":"api","loc":{"start":{"line":9,"column":4},"end":{"line":9,"column":18}}},{"name":"childObjectApiName","type":"property","value":{"type":"unresolved"},"decorator":"api","loc":{"start":{"line":10,"column":4},"end":{"line":10,"column":28}}},{"name":"grandchildObjectApiName","type":"property","value":{"type":"unresolved"},"decorator":"api","loc":{"start":{"line":11,"column":4},"end":{"line":11,"column":33}}},{"name":"childFieldset","type":"property","value":{"type":"unresolved"},"decorator":"api","loc":{"start":{"line":12,"column":4},"end":{"line":12,"column":23}}},{"name":"grandchildFieldset","type":"property","value":{"type":"unresolved"},"decorator":"api","loc":{"start":{"line":13,"column":4},"end":{"line":13,"column":28}}},{"name":"parentField","type":"property","value":{"type":"unresolved"},"decorator":"api","loc":{"start":{"line":14,"column":4},"end":{"line":14,"column":21}}},{"name":"childField","type":"property","value":{"type":"unresolved"},"decorator":"api","loc":{"start":{"line":15,"column":4},"end":{"line":15,"column":20}}},{"name":"columns","type":"property","decorator":"track","loc":{"start":{"line":17,"column":4},"end":{"line":17,"column":24}}},{"name":"flattenedRecords","type":"property","decorator":"track","loc":{"start":{"line":18,"column":4},"end":{"line":18,"column":33}}},{"name":"sortBy","type":"property","decorator":"track","loc":{"start":{"line":19,"column":4},"end":{"line":19,"column":27}}},{"name":"sortDirection","type":"property","decorator":"track","loc":{"start":{"line":20,"column":4},"end":{"line":20,"column":33}}},{"name":"searchTerm","type":"property","decorator":"track","loc":{"start":{"line":21,"column":4},"end":{"line":21,"column":27}}},{"name":"pageNumber","type":"property","decorator":"track","loc":{"start":{"line":22,"column":4},"end":{"line":22,"column":26}}},{"name":"pageSize","type":"property","decorator":"track","loc":{"start":{"line":23,"column":4},"end":{"line":23,"column":25}}},{"name":"totalRecords","type":"property","decorator":"track","loc":{"start":{"line":24,"column":4},"end":{"line":24,"column":28}}},{"name":"isEditModalOpen","type":"property","value":{"type":"boolean","value":false},"decorator":"track","loc":{"start":{"line":25,"column":4},"end":{"line":25,"column":35}}},{"name":"recordIdToEdit","type":"property","decorator":"track","loc":{"start":{"line":26,"column":4},"end":{"line":26,"column":26}}},{"name":"objectApiNameToEdit","type":"property","decorator":"track","loc":{"start":{"line":27,"column":4},"end":{"line":27,"column":31}}},{"name":"columnSearchTerms","type":"property","value":{"type":"object","value":{}},"decorator":"track","loc":{"start":{"line":28,"column":4},"end":{"line":28,"column":34}}},{"name":"totalRecords","type":"property","decorator":"track","loc":{"start":{"line":29,"column":4},"end":{"line":29,"column":28}}},{"name":"lastUpdated","type":"property","decorator":"track","loc":{"start":{"line":30,"column":4},"end":{"line":30,"column":28}}},{"name":"isResizing","type":"property","value":{"type":"boolean","value":false},"loc":{"start":{"line":32,"column":4},"end":{"line":32,"column":23}}},{"name":"resizeColumnField","type":"property","value":{"type":"string","value":""},"loc":{"start":{"line":33,"column":4},"end":{"line":33,"column":27}}},{"name":"initialWidth","type":"property","loc":{"start":{"line":34,"column":4},"end":{"line":34,"column":21}}},{"name":"initialX","type":"property","loc":{"start":{"line":35,"column":4},"end":{"line":35,"column":17}}},{"name":"connectedCallback","type":"method","loc":{"start":{"line":37,"column":4},"end":{"line":39,"column":5}}},{"name":"handleResizeStart","type":"method","loc":{"start":{"line":41,"column":4},"end":{"line":51,"column":5}}},{"name":"handleResizeMove","type":"property","value":{"type":"unresolved"},"loc":{"start":{"line":53,"column":4},"end":{"line":66,"column":5}}},{"name":"handleResizeEnd","type":"property","value":{"type":"unresolved"},"loc":{"start":{"line":68,"column":4},"end":{"line":76,"column":5}}},{"name":"loadChildRecords","type":"method","loc":{"start":{"line":78,"column":4},"end":{"line":101,"column":5}}},{"name":"updateRecordInfo","type":"method","loc":{"start":{"line":103,"column":4},"end":{"line":114,"column":5}}},{"name":"updateColumnsWithSortData","type":"method","loc":{"start":{"line":116,"column":4},"end":{"line":125,"column":5}}},{"name":"getSortIconName","type":"method","loc":{"start":{"line":127,"column":4},"end":{"line":130,"column":5}}},{"name":"getSortDirection","type":"method","loc":{"start":{"line":132,"column":4},"end":{"line":134,"column":5}}},{"name":"getSortAssistiveText","type":"method","loc":{"start":{"line":136,"column":4},"end":{"line":138,"column":5}}},{"name":"processRecords","type":"method","loc":{"start":{"line":140,"column":4},"end":{"line":146,"column":5}}},{"name":"createFlattenedRecord","type":"method","loc":{"start":{"line":148,"column":4},"end":{"line":164,"column":5}}},{"name":"handleNameClick","type":"method","loc":{"start":{"line":166,"column":4},"end":{"line":179,"column":5}}},{"name":"handleRowToggle","type":"method","loc":{"start":{"line":181,"column":4},"end":{"line":191,"column":5}}},{"name":"handleSort","type":"method","loc":{"start":{"line":193,"column":4},"end":{"line":198,"column":5}}},{"name":"handleSearch","type":"method","loc":{"start":{"line":200,"column":4},"end":{"line":203,"column":5}}},{"name":"handleRowAction","type":"method","loc":{"start":{"line":205,"column":4},"end":{"line":214,"column":5}}},{"name":"editRecord","type":"method","loc":{"start":{"line":216,"column":4},"end":{"line":220,"column":5}}},{"name":"closeModal","type":"method","loc":{"start":{"line":222,"column":4},"end":{"line":227,"column":5}}},{"name":"refreshChildRecord","type":"method","loc":{"start":{"line":229,"column":4},"end":{"line":255,"column":5}}},{"name":"editFieldset","type":"property","loc":{"start":{"line":257,"column":4},"end":{"line":259,"column":5}}},{"name":"deleteChildRecord","type":"method","loc":{"start":{"line":261,"column":4},"end":{"line":272,"column":5}}},{"name":"removeRecordFromList","type":"method","loc":{"start":{"line":274,"column":4},"end":{"line":276,"column":5}}},{"name":"handlePrevious","type":"method","loc":{"start":{"line":278,"column":4},"end":{"line":283,"column":5}}},{"name":"handleNext","type":"method","loc":{"start":{"line":285,"column":4},"end":{"line":290,"column":5}}},{"name":"showToast","type":"method","loc":{"start":{"line":292,"column":4},"end":{"line":299,"column":5}}},{"name":"columnCount","type":"property","loc":{"start":{"line":301,"column":4},"end":{"line":303,"column":5}}},{"name":"toggleSearchInput","type":"method","loc":{"start":{"line":305,"column":4},"end":{"line":312,"column":5}}},{"name":"handleColumnSearch","type":"method","loc":{"start":{"line":314,"column":4},"end":{"line":334,"column":5}}},{"name":"filterRecords","type":"method","loc":{"start":{"line":336,"column":4},"end":{"line":350,"column":5}}},{"name":"isPreviousDisabled","type":"property","loc":{"start":{"line":352,"column":4},"end":{"line":354,"column":5}}},{"name":"isNextDisabled","type":"property","loc":{"start":{"line":356,"column":4},"end":{"line":358,"column":5}}}],"declarationLoc":{"start":{"line":8,"column":0},"end":{"line":359,"column":1}},"doc":"","exports":[{"type":"ExportDefaultDeclaration"}]},"updatedAt":"2024-08-14T07:43:24.900Z"},{"_allAttributes":null,"_properties":null,"_methods":null,"file":"d:/NestedRelatedListComp17.2/NestedRelatedListComp16.7/NestedRelatedListComp2/force-app/main/default/lwc/editRecordModal/editRecordModal.js","metadata":{"decorators":[{"type":"api","targets":[{"name":"recordId","type":"property","value":{"type":"unresolved"}},{"name":"objectApiName","type":"property","value":{"type":"unresolved"}},{"name":"fieldSet","type":"property","value":{"type":"unresolved"}},{"type":"method","name":"refreshFields"}]},{"type":"track","targets":[{"name":"fields","type":"property"}]}],"classMembers":[{"name":"recordId","type":"property","value":{"type":"unresolved"},"decorator":"api","loc":{"start":{"line":7,"column":4},"end":{"line":7,"column":18}}},{"name":"objectApiName","type":"property","value":{"type":"unresolved"},"decorator":"api","loc":{"start":{"line":8,"column":4},"end":{"line":8,"column":23}}},{"name":"fieldSet","type":"property","value":{"type":"unresolved"},"decorator":"api","loc":{"start":{"line":9,"column":4},"end":{"line":9,"column":18}}},{"name":"fields","type":"property","decorator":"track","loc":{"start":{"line":11,"column":4},"end":{"line":11,"column":23}}},{"name":"connectedCallback","type":"method","loc":{"start":{"line":13,"column":4},"end":{"line":15,"column":5}}},{"name":"refreshFields","type":"method","decorator":"api","loc":{"start":{"line":17,"column":4},"end":{"line":20,"column":5}}},{"name":"loadFieldSetFields","type":"method","loc":{"start":{"line":22,"column":4},"end":{"line":32,"column":5}}},{"name":"handleSuccess","type":"method","loc":{"start":{"line":34,"column":4},"end":{"line":41,"column":5}}},{"name":"handleCancel","type":"method","loc":{"start":{"line":43,"column":4},"end":{"line":45,"column":5}}},{"name":"handleSave","type":"method","loc":{"start":{"line":47,"column":4},"end":{"line":49,"column":5}}}],"declarationLoc":{"start":{"line":6,"column":0},"end":{"line":50,"column":1}},"doc":"","exports":[{"type":"ExportDefaultDeclaration"}]},"updatedAt":"2024-08-13T05:17:07.840Z"},{"_allAttributes":null,"_properties":null,"_methods":null,"file":"d:/NestedRelatedListComp17.2/NestedRelatedListComp16.7/NestedRelatedListComp2/force-app/main/default/lwc/grandchildRelatedList/grandchildRelatedList.js","metadata":{"decorators":[{"type":"api","targets":[{"name":"childId","type":"property","value":{"type":"unresolved"}},{"name":"grandchildObjectApiName","type":"property","value":{"type":"unresolved"}},{"name":"grandchildFieldset","type":"property","value":{"type":"unresolved"}},{"name":"childField","type":"property","value":{"type":"unresolved"}},{"type":"method","name":"refreshData"}]},{"type":"track","targets":[{"name":"columns","type":"property"},{"name":"grandchildRecords","type":"property"},{"name":"filteredRecords","type":"property"},{"name":"isLoading","type":"property"},{"name":"sortBy","type":"property"},{"name":"sortDirection","type":"property"},{"name":"isEditModalOpen","type":"property"},{"name":"recordIdToEdit","type":"property"},{"name":"searchTerms","type":"property"}]}],"classMembers":[{"name":"childId","type":"property","value":{"type":"unresolved"},"decorator":"api","loc":{"start":{"line":8,"column":4},"end":{"line":8,"column":17}}},{"name":"grandchildObjectApiName","type":"property","value":{"type":"unresolved"},"decorator":"api","loc":{"start":{"line":9,"column":4},"end":{"line":9,"column":33}}},{"name":"grandchildFieldset","type":"property","value":{"type":"unresolved"},"decorator":"api","loc":{"start":{"line":10,"column":4},"end":{"line":10,"column":28}}},{"name":"childField","type":"property","value":{"type":"unresolved"},"decorator":"api","loc":{"start":{"line":11,"column":4},"end":{"line":11,"column":20}}},{"name":"columns","type":"property","decorator":"track","loc":{"start":{"line":13,"column":4},"end":{"line":13,"column":24}}},{"name":"grandchildRecords","type":"property","decorator":"track","loc":{"start":{"line":14,"column":4},"end":{"line":14,"column":34}}},{"name":"filteredRecords","type":"property","decorator":"track","loc":{"start":{"line":15,"column":4},"end":{"line":15,"column":32}}},{"name":"isLoading","type":"property","value":{"type":"boolean","value":true},"decorator":"track","loc":{"start":{"line":16,"column":4},"end":{"line":16,"column":28}}},{"name":"sortBy","type":"property","decorator":"track","loc":{"start":{"line":17,"column":4},"end":{"line":17,"column":18}}},{"name":"sortDirection","type":"property","decorator":"track","loc":{"start":{"line":18,"column":4},"end":{"line":18,"column":33}}},{"name":"isEditModalOpen","type":"property","value":{"type":"boolean","value":false},"decorator":"track","loc":{"start":{"line":19,"column":4},"end":{"line":19,"column":35}}},{"name":"recordIdToEdit","type":"property","decorator":"track","loc":{"start":{"line":20,"column":4},"end":{"line":20,"column":26}}},{"name":"searchTerms","type":"property","value":{"type":"object","value":{}},"decorator":"track","loc":{"start":{"line":21,"column":4},"end":{"line":21,"column":28}}},{"name":"refreshData","type":"method","decorator":"api","loc":{"start":{"line":23,"column":4},"end":{"line":26,"column":5}}},{"name":"connectedCallback","type":"method","loc":{"start":{"line":28,"column":4},"end":{"line":30,"column":5}}},{"name":"loadGrandchildRecords","type":"method","loc":{"start":{"line":32,"column":4},"end":{"line":51,"column":5}}},{"name":"transformColumns","type":"method","loc":{"start":{"line":53,"column":4},"end":{"line":68,"column":5}}},{"name":"getRowActions","type":"method","loc":{"start":{"line":70,"column":4},"end":{"line":76,"column":5}}},{"name":"handleSort","type":"method","loc":{"start":{"line":78,"column":4},"end":{"line":84,"column":5}}},{"name":"sortData","type":"method","loc":{"start":{"line":86,"column":4},"end":{"line":100,"column":5}}},{"name":"handleRowAction","type":"method","loc":{"start":{"line":102,"column":4},"end":{"line":113,"column":5}}},{"name":"editRecord","type":"method","loc":{"start":{"line":115,"column":4},"end":{"line":118,"column":5}}},{"name":"closeEditModal","type":"method","loc":{"start":{"line":120,"column":4},"end":{"line":125,"column":5}}},{"name":"deleteRecord","type":"method","loc":{"start":{"line":127,"column":4},"end":{"line":139,"column":5}}},{"name":"removeRecordFromList","type":"method","loc":{"start":{"line":141,"column":4},"end":{"line":144,"column":5}}},{"name":"showToast","type":"method","loc":{"start":{"line":146,"column":4},"end":{"line":153,"column":5}}},{"name":"handleSearch","type":"method","loc":{"start":{"line":155,"column":4},"end":{"line":161,"column":5}}},{"name":"filterRecords","type":"method","loc":{"start":{"line":163,"column":4},"end":{"line":175,"column":5}}}],"declarationLoc":{"start":{"line":7,"column":0},"end":{"line":176,"column":1}},"doc":"","exports":[{"type":"ExportDefaultDeclaration"}]},"updatedAt":"2024-08-13T05:25:58.464Z"}]