[{"_allAttributes":{"publicAttributes":[{"name":"record-id","memberType":0,"decorator":0,"location":{"uri":"file:///d%3A/NestedRelatedListComp12/NestedRelatedListComp2/force-app/main/default/lwc/nestedRelatedList/nestedRelatedList.js","range":{"start":{"line":8,"character":4},"end":{"line":8,"character":18}}},"detail":"LWC custom attribute"},{"name":"child-object-api-name","memberType":0,"decorator":0,"location":{"uri":"file:///d%3A/NestedRelatedListComp12/NestedRelatedListComp2/force-app/main/default/lwc/nestedRelatedList/nestedRelatedList.js","range":{"start":{"line":9,"character":4},"end":{"line":9,"character":28}}},"detail":"LWC custom attribute"},{"name":"grandchild-object-api-name","memberType":0,"decorator":0,"location":{"uri":"file:///d%3A/NestedRelatedListComp12/NestedRelatedListComp2/force-app/main/default/lwc/nestedRelatedList/nestedRelatedList.js","range":{"start":{"line":10,"character":4},"end":{"line":10,"character":33}}},"detail":"LWC custom attribute"},{"name":"child-fieldset","memberType":0,"decorator":0,"location":{"uri":"file:///d%3A/NestedRelatedListComp12/NestedRelatedListComp2/force-app/main/default/lwc/nestedRelatedList/nestedRelatedList.js","range":{"start":{"line":11,"character":4},"end":{"line":11,"character":23}}},"detail":"LWC custom attribute"},{"name":"grandchild-fieldset","memberType":0,"decorator":0,"location":{"uri":"file:///d%3A/NestedRelatedListComp12/NestedRelatedListComp2/force-app/main/default/lwc/nestedRelatedList/nestedRelatedList.js","range":{"start":{"line":12,"character":4},"end":{"line":12,"character":28}}},"detail":"LWC custom attribute"},{"name":"parent-field","memberType":0,"decorator":0,"location":{"uri":"file:///d%3A/NestedRelatedListComp12/NestedRelatedListComp2/force-app/main/default/lwc/nestedRelatedList/nestedRelatedList.js","range":{"start":{"line":13,"character":4},"end":{"line":13,"character":21}}},"detail":"LWC custom attribute"},{"name":"child-field","memberType":0,"decorator":0,"location":{"uri":"file:///d%3A/NestedRelatedListComp12/NestedRelatedListComp2/force-app/main/default/lwc/nestedRelatedList/nestedRelatedList.js","range":{"start":{"line":14,"character":4},"end":{"line":14,"character":20}}},"detail":"LWC custom attribute"}],"privateAttributes":[{"name":"columns","memberType":0,"decorator":1,"location":{"uri":"file:///d%3A/NestedRelatedListComp12/NestedRelatedListComp2/force-app/main/default/lwc/nestedRelatedList/nestedRelatedList.js","range":{"start":{"line":16,"character":4},"end":{"line":16,"character":24}}},"detail":"LWC custom attribute"},{"name":"flattened-records","memberType":0,"decorator":1,"location":{"uri":"file:///d%3A/NestedRelatedListComp12/NestedRelatedListComp2/force-app/main/default/lwc/nestedRelatedList/nestedRelatedList.js","range":{"start":{"line":17,"character":4},"end":{"line":17,"character":33}}},"detail":"LWC custom attribute"},{"name":"sort-by","memberType":0,"decorator":1,"location":{"uri":"file:///d%3A/NestedRelatedListComp12/NestedRelatedListComp2/force-app/main/default/lwc/nestedRelatedList/nestedRelatedList.js","range":{"start":{"line":18,"character":4},"end":{"line":18,"character":27}}},"detail":"LWC custom attribute"},{"name":"sort-direction","memberType":0,"decorator":1,"location":{"uri":"file:///d%3A/NestedRelatedListComp12/NestedRelatedListComp2/force-app/main/default/lwc/nestedRelatedList/nestedRelatedList.js","range":{"start":{"line":19,"character":4},"end":{"line":19,"character":33}}},"detail":"LWC custom attribute"},{"name":"search-term","memberType":0,"decorator":1,"location":{"uri":"file:///d%3A/NestedRelatedListComp12/NestedRelatedListComp2/force-app/main/default/lwc/nestedRelatedList/nestedRelatedList.js","range":{"start":{"line":20,"character":4},"end":{"line":20,"character":27}}},"detail":"LWC custom attribute"},{"name":"page-number","memberType":0,"decorator":1,"location":{"uri":"file:///d%3A/NestedRelatedListComp12/NestedRelatedListComp2/force-app/main/default/lwc/nestedRelatedList/nestedRelatedList.js","range":{"start":{"line":21,"character":4},"end":{"line":21,"character":26}}},"detail":"LWC custom attribute"},{"name":"page-size","memberType":0,"decorator":1,"location":{"uri":"file:///d%3A/NestedRelatedListComp12/NestedRelatedListComp2/force-app/main/default/lwc/nestedRelatedList/nestedRelatedList.js","range":{"start":{"line":22,"character":4},"end":{"line":22,"character":25}}},"detail":"LWC custom attribute"},{"name":"total-records","memberType":0,"decorator":1,"location":{"uri":"file:///d%3A/NestedRelatedListComp12/NestedRelatedListComp2/force-app/main/default/lwc/nestedRelatedList/nestedRelatedList.js","range":{"start":{"line":23,"character":4},"end":{"line":23,"character":28}}},"detail":"LWC custom attribute"},{"name":"is-edit-modal-open","memberType":0,"decorator":1,"location":{"uri":"file:///d%3A/NestedRelatedListComp12/NestedRelatedListComp2/force-app/main/default/lwc/nestedRelatedList/nestedRelatedList.js","range":{"start":{"line":24,"character":4},"end":{"line":24,"character":35}}},"detail":"LWC custom attribute"},{"name":"record-id-to-edit","memberType":0,"decorator":1,"location":{"uri":"file:///d%3A/NestedRelatedListComp12/NestedRelatedListComp2/force-app/main/default/lwc/nestedRelatedList/nestedRelatedList.js","range":{"start":{"line":25,"character":4},"end":{"line":25,"character":26}}},"detail":"LWC custom attribute"},{"name":"object-api-name-to-edit","memberType":0,"decorator":1,"location":{"uri":"file:///d%3A/NestedRelatedListComp12/NestedRelatedListComp2/force-app/main/default/lwc/nestedRelatedList/nestedRelatedList.js","range":{"start":{"line":26,"character":4},"end":{"line":26,"character":31}}},"detail":"LWC custom attribute"},{"name":"is-resizing","memberType":0,"location":{"uri":"file:///d%3A/NestedRelatedListComp12/NestedRelatedListComp2/force-app/main/default/lwc/nestedRelatedList/nestedRelatedList.js","range":{"start":{"line":28,"character":4},"end":{"line":28,"character":23}}},"detail":"LWC custom attribute"},{"name":"resize-column-field","memberType":0,"location":{"uri":"file:///d%3A/NestedRelatedListComp12/NestedRelatedListComp2/force-app/main/default/lwc/nestedRelatedList/nestedRelatedList.js","range":{"start":{"line":29,"character":4},"end":{"line":29,"character":27}}},"detail":"LWC custom attribute"},{"name":"initial-width","memberType":0,"location":{"uri":"file:///d%3A/NestedRelatedListComp12/NestedRelatedListComp2/force-app/main/default/lwc/nestedRelatedList/nestedRelatedList.js","range":{"start":{"line":30,"character":4},"end":{"line":30,"character":21}}},"detail":"LWC custom attribute"},{"name":"initial-x","memberType":0,"location":{"uri":"file:///d%3A/NestedRelatedListComp12/NestedRelatedListComp2/force-app/main/default/lwc/nestedRelatedList/nestedRelatedList.js","range":{"start":{"line":31,"character":4},"end":{"line":31,"character":17}}},"detail":"LWC custom attribute"}]},"_properties":null,"_methods":[{"name":"connectedCallback","type":"method","loc":{"start":{"line":34,"column":4},"end":{"line":38,"column":5}}},{"name":"disconnectedCallback","type":"method","loc":{"start":{"line":40,"column":4},"end":{"line":43,"column":5}}},{"name":"handleResizeStart","type":"method","loc":{"start":{"line":45,"column":4},"end":{"line":51,"column":5}}},{"name":"handleResizeMove","type":"method","loc":{"start":{"line":53,"column":4},"end":{"line":62,"column":5}}},{"name":"handleResizeEnd","type":"method","loc":{"start":{"line":64,"column":4},"end":{"line":69,"column":5}}},{"name":"loadChildRecords","type":"method","loc":{"start":{"line":71,"column":4},"end":{"line":92,"column":5}}},{"name":"updateColumnsWithSortData","type":"method","loc":{"start":{"line":94,"column":4},"end":{"line":103,"column":5}}},{"name":"getSortIconName","type":"method","loc":{"start":{"line":105,"column":4},"end":{"line":110,"column":5}}},{"name":"getSortDirection","type":"method","loc":{"start":{"line":112,"column":4},"end":{"line":114,"column":5}}},{"name":"getSortAssistiveText","type":"method","loc":{"start":{"line":116,"column":4},"end":{"line":121,"column":5}}},{"name":"processRecords","type":"method","loc":{"start":{"line":123,"column":4},"end":{"line":125,"column":5}}},{"name":"createFlattenedRecord","type":"method","loc":{"start":{"line":127,"column":4},"end":{"line":147,"column":5}}},{"name":"handleRowToggle","type":"method","loc":{"start":{"line":149,"column":4},"end":{"line":171,"column":5}}},{"name":"loadGrandchildRecords","type":"method","loc":{"start":{"line":173,"column":4},"end":{"line":193,"column":5}}},{"name":"handleSort","type":"method","loc":{"start":{"line":195,"column":4},"end":{"line":204,"column":5}}},{"name":"handleSearch","type":"method","loc":{"start":{"line":206,"column":4},"end":{"line":209,"column":5}}},{"name":"handleRowAction","type":"method","loc":{"start":{"line":211,"column":4},"end":{"line":226,"column":5}}},{"name":"editRecord","type":"method","loc":{"start":{"line":228,"column":4},"end":{"line":232,"column":5}}},{"name":"closeModal","type":"method","loc":{"start":{"line":234,"column":4},"end":{"line":237,"column":5}}},{"name":"deleteChildRecord","type":"method","loc":{"start":{"line":239,"column":4},"end":{"line":249,"column":5}}},{"name":"deleteGrandchildRecord","type":"method","loc":{"start":{"line":251,"column":4},"end":{"line":261,"column":5}}},{"name":"handlePrevious","type":"method","loc":{"start":{"line":263,"column":4},"end":{"line":268,"column":5}}},{"name":"handleNext","type":"method","loc":{"start":{"line":270,"column":4},"end":{"line":275,"column":5}}},{"name":"showToast","type":"method","loc":{"start":{"line":277,"column":4},"end":{"line":284,"column":5}}}],"file":"d:/NestedRelatedListComp12/NestedRelatedListComp2/force-app/main/default/lwc/nestedRelatedList/nestedRelatedList.js","metadata":{"decorators":[{"type":"api","targets":[{"name":"recordId","type":"property","value":{"type":"unresolved"}},{"name":"childObjectApiName","type":"property","value":{"type":"unresolved"}},{"name":"grandchildObjectApiName","type":"property","value":{"type":"unresolved"}},{"name":"childFieldset","type":"property","value":{"type":"unresolved"}},{"name":"grandchildFieldset","type":"property","value":{"type":"unresolved"}},{"name":"parentField","type":"property","value":{"type":"unresolved"}},{"name":"childField","type":"property","value":{"type":"unresolved"}}]},{"type":"track","targets":[{"name":"columns","type":"property"},{"name":"flattenedRecords","type":"property"},{"name":"sortBy","type":"property"},{"name":"sortDirection","type":"property"},{"name":"searchTerm","type":"property"},{"name":"pageNumber","type":"property"},{"name":"pageSize","type":"property"},{"name":"totalRecords","type":"property"},{"name":"isEditModalOpen","type":"property"},{"name":"recordIdToEdit","type":"property"},{"name":"objectApiNameToEdit","type":"property"}]}],"classMembers":[{"name":"recordId","type":"property","value":{"type":"unresolved"},"decorator":"api","loc":{"start":{"line":9,"column":4},"end":{"line":9,"column":18}}},{"name":"childObjectApiName","type":"property","value":{"type":"unresolved"},"decorator":"api","loc":{"start":{"line":10,"column":4},"end":{"line":10,"column":28}}},{"name":"grandchildObjectApiName","type":"property","value":{"type":"unresolved"},"decorator":"api","loc":{"start":{"line":11,"column":4},"end":{"line":11,"column":33}}},{"name":"childFieldset","type":"property","value":{"type":"unresolved"},"decorator":"api","loc":{"start":{"line":12,"column":4},"end":{"line":12,"column":23}}},{"name":"grandchildFieldset","type":"property","value":{"type":"unresolved"},"decorator":"api","loc":{"start":{"line":13,"column":4},"end":{"line":13,"column":28}}},{"name":"parentField","type":"property","value":{"type":"unresolved"},"decorator":"api","loc":{"start":{"line":14,"column":4},"end":{"line":14,"column":21}}},{"name":"childField","type":"property","value":{"type":"unresolved"},"decorator":"api","loc":{"start":{"line":15,"column":4},"end":{"line":15,"column":20}}},{"name":"columns","type":"property","decorator":"track","loc":{"start":{"line":17,"column":4},"end":{"line":17,"column":24}}},{"name":"flattenedRecords","type":"property","decorator":"track","loc":{"start":{"line":18,"column":4},"end":{"line":18,"column":33}}},{"name":"sortBy","type":"property","decorator":"track","loc":{"start":{"line":19,"column":4},"end":{"line":19,"column":27}}},{"name":"sortDirection","type":"property","decorator":"track","loc":{"start":{"line":20,"column":4},"end":{"line":20,"column":33}}},{"name":"searchTerm","type":"property","decorator":"track","loc":{"start":{"line":21,"column":4},"end":{"line":21,"column":27}}},{"name":"pageNumber","type":"property","decorator":"track","loc":{"start":{"line":22,"column":4},"end":{"line":22,"column":26}}},{"name":"pageSize","type":"property","decorator":"track","loc":{"start":{"line":23,"column":4},"end":{"line":23,"column":25}}},{"name":"totalRecords","type":"property","decorator":"track","loc":{"start":{"line":24,"column":4},"end":{"line":24,"column":28}}},{"name":"isEditModalOpen","type":"property","value":{"type":"boolean","value":false},"decorator":"track","loc":{"start":{"line":25,"column":4},"end":{"line":25,"column":35}}},{"name":"recordIdToEdit","type":"property","decorator":"track","loc":{"start":{"line":26,"column":4},"end":{"line":26,"column":26}}},{"name":"objectApiNameToEdit","type":"property","decorator":"track","loc":{"start":{"line":27,"column":4},"end":{"line":27,"column":31}}},{"name":"isResizing","type":"property","value":{"type":"boolean","value":false},"loc":{"start":{"line":29,"column":4},"end":{"line":29,"column":23}}},{"name":"resizeColumnField","type":"property","value":{"type":"string","value":""},"loc":{"start":{"line":30,"column":4},"end":{"line":30,"column":27}}},{"name":"initialWidth","type":"property","loc":{"start":{"line":31,"column":4},"end":{"line":31,"column":21}}},{"name":"initialX","type":"property","loc":{"start":{"line":32,"column":4},"end":{"line":32,"column":17}}},{"name":"connectedCallback","type":"method","loc":{"start":{"line":34,"column":4},"end":{"line":38,"column":5}}},{"name":"disconnectedCallback","type":"method","loc":{"start":{"line":40,"column":4},"end":{"line":43,"column":5}}},{"name":"handleResizeStart","type":"method","loc":{"start":{"line":45,"column":4},"end":{"line":51,"column":5}}},{"name":"handleResizeMove","type":"method","loc":{"start":{"line":53,"column":4},"end":{"line":62,"column":5}}},{"name":"handleResizeEnd","type":"method","loc":{"start":{"line":64,"column":4},"end":{"line":69,"column":5}}},{"name":"loadChildRecords","type":"method","loc":{"start":{"line":71,"column":4},"end":{"line":92,"column":5}}},{"name":"updateColumnsWithSortData","type":"method","loc":{"start":{"line":94,"column":4},"end":{"line":103,"column":5}}},{"name":"getSortIconName","type":"method","loc":{"start":{"line":105,"column":4},"end":{"line":110,"column":5}}},{"name":"getSortDirection","type":"method","loc":{"start":{"line":112,"column":4},"end":{"line":114,"column":5}}},{"name":"getSortAssistiveText","type":"method","loc":{"start":{"line":116,"column":4},"end":{"line":121,"column":5}}},{"name":"processRecords","type":"method","loc":{"start":{"line":123,"column":4},"end":{"line":125,"column":5}}},{"name":"createFlattenedRecord","type":"method","loc":{"start":{"line":127,"column":4},"end":{"line":147,"column":5}}},{"name":"handleRowToggle","type":"method","loc":{"start":{"line":149,"column":4},"end":{"line":171,"column":5}}},{"name":"loadGrandchildRecords","type":"method","loc":{"start":{"line":173,"column":4},"end":{"line":193,"column":5}}},{"name":"handleSort","type":"method","loc":{"start":{"line":195,"column":4},"end":{"line":204,"column":5}}},{"name":"handleSearch","type":"method","loc":{"start":{"line":206,"column":4},"end":{"line":209,"column":5}}},{"name":"handleRowAction","type":"method","loc":{"start":{"line":211,"column":4},"end":{"line":226,"column":5}}},{"name":"editRecord","type":"method","loc":{"start":{"line":228,"column":4},"end":{"line":232,"column":5}}},{"name":"closeModal","type":"method","loc":{"start":{"line":234,"column":4},"end":{"line":237,"column":5}}},{"name":"deleteChildRecord","type":"method","loc":{"start":{"line":239,"column":4},"end":{"line":249,"column":5}}},{"name":"deleteGrandchildRecord","type":"method","loc":{"start":{"line":251,"column":4},"end":{"line":261,"column":5}}},{"name":"handlePrevious","type":"method","loc":{"start":{"line":263,"column":4},"end":{"line":268,"column":5}}},{"name":"handleNext","type":"method","loc":{"start":{"line":270,"column":4},"end":{"line":275,"column":5}}},{"name":"showToast","type":"method","loc":{"start":{"line":277,"column":4},"end":{"line":284,"column":5}}}],"declarationLoc":{"start":{"line":8,"column":0},"end":{"line":285,"column":1}},"doc":"","exports":[{"type":"ExportDefaultDeclaration"}]},"updatedAt":"2024-08-11T17:33:45.768Z"},{"_allAttributes":{"publicAttributes":[{"name":"record-id","memberType":0,"decorator":0,"location":{"uri":"file:///d%3A/NestedRelatedListComp12/NestedRelatedListComp2/force-app/main/default/lwc/editRecordModal/editRecordModal.js","range":{"start":{"line":6,"character":4},"end":{"line":6,"character":18}}},"detail":"LWC custom attribute"},{"name":"object-api-name","memberType":0,"decorator":0,"location":{"uri":"file:///d%3A/NestedRelatedListComp12/NestedRelatedListComp2/force-app/main/default/lwc/editRecordModal/editRecordModal.js","range":{"start":{"line":7,"character":4},"end":{"line":7,"character":23}}},"detail":"LWC custom attribute"},{"name":"field-set","memberType":0,"decorator":0,"location":{"uri":"file:///d%3A/NestedRelatedListComp12/NestedRelatedListComp2/force-app/main/default/lwc/editRecordModal/editRecordModal.js","range":{"start":{"line":8,"character":4},"end":{"line":8,"character":18}}},"detail":"LWC custom attribute"}],"privateAttributes":[{"name":"fields","memberType":0,"decorator":1,"location":{"uri":"file:///d%3A/NestedRelatedListComp12/NestedRelatedListComp2/force-app/main/default/lwc/editRecordModal/editRecordModal.js","range":{"start":{"line":10,"character":4},"end":{"line":10,"character":23}}},"detail":"LWC custom attribute"}]},"_properties":null,"_methods":[{"name":"connectedCallback","type":"method","loc":{"start":{"line":13,"column":4},"end":{"line":15,"column":5}}},{"name":"loadFieldSetFields","type":"method","loc":{"start":{"line":17,"column":4},"end":{"line":25,"column":5}}},{"name":"handleSuccess","type":"method","loc":{"start":{"line":27,"column":4},"end":{"line":34,"column":5}}},{"name":"handleCancel","type":"method","loc":{"start":{"line":36,"column":4},"end":{"line":38,"column":5}}},{"name":"handleSave","type":"method","loc":{"start":{"line":40,"column":4},"end":{"line":42,"column":5}}}],"file":"d:/NestedRelatedListComp12/NestedRelatedListComp2/force-app/main/default/lwc/editRecordModal/editRecordModal.js","metadata":{"decorators":[{"type":"api","targets":[{"name":"recordId","type":"property","value":{"type":"unresolved"}},{"name":"objectApiName","type":"property","value":{"type":"unresolved"}},{"name":"fieldSet","type":"property","value":{"type":"unresolved"}}]},{"type":"track","targets":[{"name":"fields","type":"property"}]}],"classMembers":[{"name":"recordId","type":"property","value":{"type":"unresolved"},"decorator":"api","loc":{"start":{"line":7,"column":4},"end":{"line":7,"column":18}}},{"name":"objectApiName","type":"property","value":{"type":"unresolved"},"decorator":"api","loc":{"start":{"line":8,"column":4},"end":{"line":8,"column":23}}},{"name":"fieldSet","type":"property","value":{"type":"unresolved"},"decorator":"api","loc":{"start":{"line":9,"column":4},"end":{"line":9,"column":18}}},{"name":"fields","type":"property","decorator":"track","loc":{"start":{"line":11,"column":4},"end":{"line":11,"column":23}}},{"name":"connectedCallback","type":"method","loc":{"start":{"line":13,"column":4},"end":{"line":15,"column":5}}},{"name":"loadFieldSetFields","type":"method","loc":{"start":{"line":17,"column":4},"end":{"line":25,"column":5}}},{"name":"handleSuccess","type":"method","loc":{"start":{"line":27,"column":4},"end":{"line":34,"column":5}}},{"name":"handleCancel","type":"method","loc":{"start":{"line":36,"column":4},"end":{"line":38,"column":5}}},{"name":"handleSave","type":"method","loc":{"start":{"line":40,"column":4},"end":{"line":42,"column":5}}}],"declarationLoc":{"start":{"line":6,"column":0},"end":{"line":43,"column":1}},"doc":"","exports":[{"type":"ExportDefaultDeclaration"}]},"updatedAt":"2024-08-10T20:18:20.045Z"}]