[{"_allAttributes":{"publicAttributes":[{"name":"record-id","memberType":0,"decorator":0,"location":{"uri":"file:///d%3A/NestedRelatedListComp2/force-app/main/default/lwc/nestedRelatedList/nestedRelatedList.js","range":{"start":{"line":6,"character":4},"end":{"line":6,"character":18}}},"detail":"LWC custom attribute"},{"name":"child-object-api-name","memberType":0,"decorator":0,"location":{"uri":"file:///d%3A/NestedRelatedListComp2/force-app/main/default/lwc/nestedRelatedList/nestedRelatedList.js","range":{"start":{"line":7,"character":4},"end":{"line":7,"character":28}}},"detail":"LWC custom attribute"},{"name":"grandchild-object-api-name","memberType":0,"decorator":0,"location":{"uri":"file:///d%3A/NestedRelatedListComp2/force-app/main/default/lwc/nestedRelatedList/nestedRelatedList.js","range":{"start":{"line":8,"character":4},"end":{"line":8,"character":33}}},"detail":"LWC custom attribute"},{"name":"child-fieldset","memberType":0,"decorator":0,"location":{"uri":"file:///d%3A/NestedRelatedListComp2/force-app/main/default/lwc/nestedRelatedList/nestedRelatedList.js","range":{"start":{"line":9,"character":4},"end":{"line":9,"character":23}}},"detail":"LWC custom attribute"},{"name":"grandchild-fieldset","memberType":0,"decorator":0,"location":{"uri":"file:///d%3A/NestedRelatedListComp2/force-app/main/default/lwc/nestedRelatedList/nestedRelatedList.js","range":{"start":{"line":10,"character":4},"end":{"line":10,"character":28}}},"detail":"LWC custom attribute"},{"name":"parent-field","memberType":0,"decorator":0,"location":{"uri":"file:///d%3A/NestedRelatedListComp2/force-app/main/default/lwc/nestedRelatedList/nestedRelatedList.js","range":{"start":{"line":11,"character":4},"end":{"line":11,"character":21}}},"detail":"LWC custom attribute"},{"name":"child-field","memberType":0,"decorator":0,"location":{"uri":"file:///d%3A/NestedRelatedListComp2/force-app/main/default/lwc/nestedRelatedList/nestedRelatedList.js","range":{"start":{"line":12,"character":4},"end":{"line":12,"character":20}}},"detail":"LWC custom attribute"}],"privateAttributes":[{"name":"columns","memberType":0,"decorator":1,"location":{"uri":"file:///d%3A/NestedRelatedListComp2/force-app/main/default/lwc/nestedRelatedList/nestedRelatedList.js","range":{"start":{"line":14,"character":4},"end":{"line":14,"character":24}}},"detail":"LWC custom attribute"},{"name":"flattened-records","memberType":0,"decorator":1,"location":{"uri":"file:///d%3A/NestedRelatedListComp2/force-app/main/default/lwc/nestedRelatedList/nestedRelatedList.js","range":{"start":{"line":15,"character":4},"end":{"line":15,"character":33}}},"detail":"LWC custom attribute"}]},"_properties":null,"_methods":[{"name":"connectedCallback","type":"method","loc":{"start":{"line":18,"column":4},"end":{"line":20,"column":5}}},{"name":"loadChildRecords","type":"method","loc":{"start":{"line":22,"column":4},"end":{"line":36,"column":5}}},{"name":"processRecords","type":"method","loc":{"start":{"line":38,"column":4},"end":{"line":40,"column":5}}},{"name":"createFlattenedRecord","type":"method","loc":{"start":{"line":60,"column":4},"end":{"line":79,"column":5}}},{"name":"handleRowToggle","type":"method","loc":{"start":{"line":81,"column":4},"end":{"line":95,"column":5}}},{"name":"loadGrandchildRecords","type":"method","loc":{"start":{"line":97,"column":4},"end":{"line":118,"column":5}}}],"file":"d:/NestedRelatedListComp2/force-app/main/default/lwc/nestedRelatedList/nestedRelatedList.js","metadata":{"decorators":[{"type":"api","targets":[{"name":"recordId","type":"property","value":{"type":"unresolved"}},{"name":"childObjectApiName","type":"property","value":{"type":"unresolved"}},{"name":"grandchildObjectApiName","type":"property","value":{"type":"unresolved"}},{"name":"childFieldset","type":"property","value":{"type":"unresolved"}},{"name":"grandchildFieldset","type":"property","value":{"type":"unresolved"}},{"name":"parentField","type":"property","value":{"type":"unresolved"}},{"name":"childField","type":"property","value":{"type":"unresolved"}}]},{"type":"track","targets":[{"name":"columns","type":"property"},{"name":"flattenedRecords","type":"property"}]}],"classMembers":[{"name":"recordId","type":"property","value":{"type":"unresolved"},"decorator":"api","loc":{"start":{"line":7,"column":4},"end":{"line":7,"column":18}}},{"name":"childObjectApiName","type":"property","value":{"type":"unresolved"},"decorator":"api","loc":{"start":{"line":8,"column":4},"end":{"line":8,"column":28}}},{"name":"grandchildObjectApiName","type":"property","value":{"type":"unresolved"},"decorator":"api","loc":{"start":{"line":9,"column":4},"end":{"line":9,"column":33}}},{"name":"childFieldset","type":"property","value":{"type":"unresolved"},"decorator":"api","loc":{"start":{"line":10,"column":4},"end":{"line":10,"column":23}}},{"name":"grandchildFieldset","type":"property","value":{"type":"unresolved"},"decorator":"api","loc":{"start":{"line":11,"column":4},"end":{"line":11,"column":28}}},{"name":"parentField","type":"property","value":{"type":"unresolved"},"decorator":"api","loc":{"start":{"line":12,"column":4},"end":{"line":12,"column":21}}},{"name":"childField","type":"property","value":{"type":"unresolved"},"decorator":"api","loc":{"start":{"line":13,"column":4},"end":{"line":13,"column":20}}},{"name":"columns","type":"property","decorator":"track","loc":{"start":{"line":15,"column":4},"end":{"line":15,"column":24}}},{"name":"flattenedRecords","type":"property","decorator":"track","loc":{"start":{"line":16,"column":4},"end":{"line":16,"column":33}}},{"name":"connectedCallback","type":"method","loc":{"start":{"line":18,"column":4},"end":{"line":20,"column":5}}},{"name":"loadChildRecords","type":"method","loc":{"start":{"line":22,"column":4},"end":{"line":36,"column":5}}},{"name":"processRecords","type":"method","loc":{"start":{"line":38,"column":4},"end":{"line":40,"column":5}}},{"name":"createFlattenedRecord","type":"method","loc":{"start":{"line":60,"column":4},"end":{"line":79,"column":5}}},{"name":"handleRowToggle","type":"method","loc":{"start":{"line":81,"column":4},"end":{"line":95,"column":5}}},{"name":"loadGrandchildRecords","type":"method","loc":{"start":{"line":97,"column":4},"end":{"line":118,"column":5}}}],"declarationLoc":{"start":{"line":6,"column":0},"end":{"line":119,"column":1}},"doc":"","exports":[{"type":"ExportDefaultDeclaration"}]},"updatedAt":"2024-08-09T20:09:09.603Z"}]