[{"_allAttributes":null,"_properties":null,"_methods":null,"file":"d:/nestedRelatedList/force-app/main/default/lwc/nestedRelatedList/nestedRelatedList.js","metadata":{"decorators":[{"type":"api","targets":[{"name":"parentObjectApiName","type":"property","value":{"type":"string","value":"Account"}},{"name":"childObjectApiName","type":"property","value":{"type":"string","value":"Opportunity"}},{"name":"grandchildObjectApiName","type":"property","value":{"type":"string","value":"OpportunityLineItem"}},{"name":"parentFieldset","type":"property","value":{"type":"string","value":"AccountFieldset"}},{"name":"childFieldset","type":"property","value":{"type":"string","value":"OpportunityFieldset"}},{"name":"grandchildFieldset","type":"property","value":{"type":"string","value":"OpportunityLineItemFieldset"}}]},{"type":"track","targets":[{"name":"parentRecords","type":"property"},{"name":"childRecords","type":"property"},{"name":"grandchildRecords","type":"property"},{"name":"expandedParentId","type":"property"},{"name":"expandedChildId","type":"property"}]}],"classMembers":[{"name":"parentObjectApiName","type":"property","value":{"type":"string","value":"Account"},"decorator":"api","loc":{"start":{"line":7,"column":4},"end":{"line":7,"column":41}}},{"name":"childObjectApiName","type":"property","value":{"type":"string","value":"Opportunity"},"decorator":"api","loc":{"start":{"line":8,"column":4},"end":{"line":8,"column":44}}},{"name":"grandchildObjectApiName","type":"property","value":{"type":"string","value":"OpportunityLineItem"},"decorator":"api","loc":{"start":{"line":9,"column":4},"end":{"line":9,"column":57}}},{"name":"parentFieldset","type":"property","value":{"type":"string","value":"AccountFieldset"},"decorator":"api","loc":{"start":{"line":10,"column":4},"end":{"line":10,"column":44}}},{"name":"childFieldset","type":"property","value":{"type":"string","value":"OpportunityFieldset"},"decorator":"api","loc":{"start":{"line":11,"column":4},"end":{"line":11,"column":47}}},{"name":"grandchildFieldset","type":"property","value":{"type":"string","value":"OpportunityLineItemFieldset"},"decorator":"api","loc":{"start":{"line":12,"column":4},"end":{"line":12,"column":60}}},{"name":"parentRecords","type":"property","decorator":"track","loc":{"start":{"line":14,"column":4},"end":{"line":14,"column":30}}},{"name":"childRecords","type":"property","decorator":"track","loc":{"start":{"line":15,"column":4},"end":{"line":15,"column":29}}},{"name":"grandchildRecords","type":"property","decorator":"track","loc":{"start":{"line":16,"column":4},"end":{"line":16,"column":34}}},{"name":"expandedParentId","type":"property","value":{"type":"null","value":null},"decorator":"track","loc":{"start":{"line":18,"column":4},"end":{"line":18,"column":35}}},{"name":"expandedChildId","type":"property","value":{"type":"null","value":null},"decorator":"track","loc":{"start":{"line":19,"column":4},"end":{"line":19,"column":34}}},{"name":"parentColumns","type":"property","loc":{"start":{"line":21,"column":4},"end":{"line":33,"column":6}}},{"name":"childColumns","type":"property","loc":{"start":{"line":35,"column":4},"end":{"line":47,"column":6}}},{"name":"grandchildColumns","type":"property","loc":{"start":{"line":49,"column":4},"end":{"line":54,"column":6}}},{"name":"connectedCallback","type":"method","loc":{"start":{"line":56,"column":4},"end":{"line":58,"column":5}}},{"name":"loadParentRecords","type":"method","loc":{"start":{"line":60,"column":4},"end":{"line":68,"column":5}}},{"name":"handleRowAction","type":"method","loc":{"start":{"line":70,"column":4},"end":{"line":74,"column":5}}},{"name":"loadChildRecords","type":"method","loc":{"start":{"line":76,"column":4},"end":{"line":89,"column":5}}},{"name":"handleChildRowAction","type":"method","loc":{"start":{"line":91,"column":4},"end":{"line":95,"column":5}}},{"name":"loadGrandchildRecords","type":"method","loc":{"start":{"line":97,"column":4},"end":{"line":110,"column":5}}}],"declarationLoc":{"start":{"line":6,"column":0},"end":{"line":111,"column":1}},"doc":"","exports":[{"type":"ExportDefaultDeclaration"}]},"updatedAt":"2024-07-30T11:35:02.651Z"}]