[{"_allAttributes":null,"_properties":null,"_methods":null,"file":"d:/NestedRelatedListComp7/NestedRelatedListComp2/force-app/main/default/lwc/nestedRelatedList/nestedRelatedList.js","metadata":{"decorators":[{"type":"api","targets":[{"name":"recordId","type":"property","value":{"type":"unresolved"}},{"name":"childObjectApiName","type":"property","value":{"type":"unresolved"}},{"name":"grandchildObjectApiName","type":"property","value":{"type":"unresolved"}},{"name":"childFieldset","type":"property","value":{"type":"unresolved"}},{"name":"grandchildFieldset","type":"property","value":{"type":"unresolved"}},{"name":"parentField","type":"property","value":{"type":"unresolved"}},{"name":"childField","type":"property","value":{"type":"unresolved"}}]},{"type":"track","targets":[{"name":"columns","type":"property"},{"name":"flattenedRecords","type":"property"},{"name":"sortBy","type":"property"},{"name":"sortDirection","type":"property"},{"name":"searchTerm","type":"property"},{"name":"pageNumber","type":"property"},{"name":"pageSize","type":"property"},{"name":"totalRecords","type":"property"}]}],"classMembers":[{"name":"recordId","type":"property","value":{"type":"unresolved"},"decorator":"api","loc":{"start":{"line":10,"column":4},"end":{"line":10,"column":18}}},{"name":"childObjectApiName","type":"property","value":{"type":"unresolved"},"decorator":"api","loc":{"start":{"line":11,"column":4},"end":{"line":11,"column":28}}},{"name":"grandchildObjectApiName","type":"property","value":{"type":"unresolved"},"decorator":"api","loc":{"start":{"line":12,"column":4},"end":{"line":12,"column":33}}},{"name":"childFieldset","type":"property","value":{"type":"unresolved"},"decorator":"api","loc":{"start":{"line":13,"column":4},"end":{"line":13,"column":23}}},{"name":"grandchildFieldset","type":"property","value":{"type":"unresolved"},"decorator":"api","loc":{"start":{"line":14,"column":4},"end":{"line":14,"column":28}}},{"name":"parentField","type":"property","value":{"type":"unresolved"},"decorator":"api","loc":{"start":{"line":15,"column":4},"end":{"line":15,"column":21}}},{"name":"childField","type":"property","value":{"type":"unresolved"},"decorator":"api","loc":{"start":{"line":16,"column":4},"end":{"line":16,"column":20}}},{"name":"columns","type":"property","decorator":"track","loc":{"start":{"line":18,"column":4},"end":{"line":18,"column":24}}},{"name":"flattenedRecords","type":"property","decorator":"track","loc":{"start":{"line":19,"column":4},"end":{"line":19,"column":33}}},{"name":"sortBy","type":"property","decorator":"track","loc":{"start":{"line":20,"column":4},"end":{"line":20,"column":27}}},{"name":"sortDirection","type":"property","decorator":"track","loc":{"start":{"line":21,"column":4},"end":{"line":21,"column":33}}},{"name":"searchTerm","type":"property","decorator":"track","loc":{"start":{"line":22,"column":4},"end":{"line":22,"column":27}}},{"name":"pageNumber","type":"property","decorator":"track","loc":{"start":{"line":23,"column":4},"end":{"line":23,"column":26}}},{"name":"pageSize","type":"property","decorator":"track","loc":{"start":{"line":24,"column":4},"end":{"line":24,"column":25}}},{"name":"totalRecords","type":"property","decorator":"track","loc":{"start":{"line":25,"column":4},"end":{"line":25,"column":28}}},{"name":"connectedCallback","type":"method","loc":{"start":{"line":27,"column":4},"end":{"line":29,"column":5}}},{"name":"loadChildRecords","type":"method","loc":{"start":{"line":31,"column":4},"end":{"line":52,"column":5}}},{"name":"processRecords","type":"method","loc":{"start":{"line":54,"column":4},"end":{"line":56,"column":5}}},{"name":"createFlattenedRecord","type":"method","loc":{"start":{"line":58,"column":4},"end":{"line":78,"column":5}}},{"name":"handleRowToggle","type":"method","loc":{"start":{"line":80,"column":4},"end":{"line":104,"column":5}}},{"name":"loadGrandchildRecords","type":"method","loc":{"start":{"line":106,"column":4},"end":{"line":126,"column":5}}},{"name":"handleSort","type":"method","loc":{"start":{"line":128,"column":4},"end":{"line":133,"column":5}}},{"name":"handleSearch","type":"method","loc":{"start":{"line":135,"column":4},"end":{"line":138,"column":5}}},{"name":"handleRowAction","type":"method","loc":{"start":{"line":140,"column":4},"end":{"line":149,"column":5}}},{"name":"editRecord","type":"method","loc":{"start":{"line":151,"column":4},"end":{"line":154,"column":5}}},{"name":"deleteRecord","type":"method","loc":{"start":{"line":156,"column":4},"end":{"line":166,"column":5}}},{"name":"handlePrevious","type":"method","loc":{"start":{"line":168,"column":4},"end":{"line":173,"column":5}}},{"name":"handleNext","type":"method","loc":{"start":{"line":175,"column":4},"end":{"line":180,"column":5}}},{"name":"showToast","type":"method","loc":{"start":{"line":182,"column":4},"end":{"line":189,"column":5}}}],"declarationLoc":{"start":{"line":9,"column":0},"end":{"line":190,"column":1}},"doc":"","exports":[{"type":"ExportDefaultDeclaration"}]},"updatedAt":"2024-08-10T07:01:42.319Z"}]