[{"_allAttributes":null,"_properties":null,"_methods":null,"file":"d:/NestedRelatedListComp15/force-app/main/default/lwc/nestedRelatedList/nestedRelatedList.js","metadata":{"decorators":[{"type":"api","targets":[{"name":"recordId","type":"property","value":{"type":"unresolved"}},{"name":"childObjectApiName","type":"property","value":{"type":"unresolved"}},{"name":"grandchildObjectApiName","type":"property","value":{"type":"unresolved"}},{"name":"childFieldset","type":"property","value":{"type":"unresolved"}},{"name":"grandchildFieldset","type":"property","value":{"type":"unresolved"}},{"name":"parentField","type":"property","value":{"type":"unresolved"}},{"name":"childField","type":"property","value":{"type":"unresolved"}}]},{"type":"track","targets":[{"name":"columns","type":"property"},{"name":"flattenedRecords","type":"property"}]}],"classMembers":[{"name":"recordId","type":"property","value":{"type":"unresolved"},"decorator":"api","loc":{"start":{"line":6,"column":4},"end":{"line":6,"column":18}}},{"name":"childObjectApiName","type":"property","value":{"type":"unresolved"},"decorator":"api","loc":{"start":{"line":7,"column":4},"end":{"line":7,"column":28}}},{"name":"grandchildObjectApiName","type":"property","value":{"type":"unresolved"},"decorator":"api","loc":{"start":{"line":8,"column":4},"end":{"line":8,"column":33}}},{"name":"childFieldset","type":"property","value":{"type":"unresolved"},"decorator":"api","loc":{"start":{"line":9,"column":4},"end":{"line":9,"column":23}}},{"name":"grandchildFieldset","type":"property","value":{"type":"unresolved"},"decorator":"api","loc":{"start":{"line":10,"column":4},"end":{"line":10,"column":28}}},{"name":"parentField","type":"property","value":{"type":"unresolved"},"decorator":"api","loc":{"start":{"line":11,"column":4},"end":{"line":11,"column":21}}},{"name":"childField","type":"property","value":{"type":"unresolved"},"decorator":"api","loc":{"start":{"line":12,"column":4},"end":{"line":12,"column":20}}},{"name":"columns","type":"property","decorator":"track","loc":{"start":{"line":14,"column":4},"end":{"line":14,"column":24}}},{"name":"flattenedRecords","type":"property","decorator":"track","loc":{"start":{"line":15,"column":4},"end":{"line":15,"column":33}}},{"name":"connectedCallback","type":"method","loc":{"start":{"line":17,"column":4},"end":{"line":19,"column":5}}},{"name":"loadChildRecords","type":"method","loc":{"start":{"line":21,"column":4},"end":{"line":35,"column":5}}},{"name":"processRecords","type":"method","loc":{"start":{"line":37,"column":4},"end":{"line":39,"column":5}}},{"name":"createFlattenedRecord","type":"method","loc":{"start":{"line":41,"column":4},"end":{"line":60,"column":5}}},{"name":"handleRowToggle","type":"method","loc":{"start":{"line":62,"column":4},"end":{"line":88,"column":5}}},{"name":"loadGrandchildRecords","type":"method","loc":{"start":{"line":91,"column":4},"end":{"line":111,"column":5}}}],"declarationLoc":{"start":{"line":5,"column":0},"end":{"line":112,"column":1}},"doc":"","exports":[{"type":"ExportDefaultDeclaration"}]},"updatedAt":"2024-08-09T21:14:57.343Z"}]