[{"_allAttributes":{"publicAttributes":[{"name":"record-id","memberType":0,"decorator":0,"location":{"uri":"file:///d%3A/NestedRelatedListComp15/NestedRelatedListComp2/force-app/main/default/lwc/nestedRelatedList/nestedRelatedList.js","range":{"start":{"line":9,"character":4},"end":{"line":9,"character":18}}},"detail":"LWC custom attribute"},{"name":"child-object-api-name","memberType":0,"decorator":0,"location":{"uri":"file:///d%3A/NestedRelatedListComp15/NestedRelatedListComp2/force-app/main/default/lwc/nestedRelatedList/nestedRelatedList.js","range":{"start":{"line":10,"character":4},"end":{"line":10,"character":28}}},"detail":"LWC custom attribute"},{"name":"grandchild-object-api-name","memberType":0,"decorator":0,"location":{"uri":"file:///d%3A/NestedRelatedListComp15/NestedRelatedListComp2/force-app/main/default/lwc/nestedRelatedList/nestedRelatedList.js","range":{"start":{"line":11,"character":4},"end":{"line":11,"character":33}}},"detail":"LWC custom attribute"},{"name":"child-fieldset","memberType":0,"decorator":0,"location":{"uri":"file:///d%3A/NestedRelatedListComp15/NestedRelatedListComp2/force-app/main/default/lwc/nestedRelatedList/nestedRelatedList.js","range":{"start":{"line":12,"character":4},"end":{"line":12,"character":23}}},"detail":"LWC custom attribute"},{"name":"grandchild-fieldset","memberType":0,"decorator":0,"location":{"uri":"file:///d%3A/NestedRelatedListComp15/NestedRelatedListComp2/force-app/main/default/lwc/nestedRelatedList/nestedRelatedList.js","range":{"start":{"line":13,"character":4},"end":{"line":13,"character":28}}},"detail":"LWC custom attribute"},{"name":"parent-field","memberType":0,"decorator":0,"location":{"uri":"file:///d%3A/NestedRelatedListComp15/NestedRelatedListComp2/force-app/main/default/lwc/nestedRelatedList/nestedRelatedList.js","range":{"start":{"line":14,"character":4},"end":{"line":14,"character":21}}},"detail":"LWC custom attribute"},{"name":"child-field","memberType":0,"decorator":0,"location":{"uri":"file:///d%3A/NestedRelatedListComp15/NestedRelatedListComp2/force-app/main/default/lwc/nestedRelatedList/nestedRelatedList.js","range":{"start":{"line":15,"character":4},"end":{"line":15,"character":20}}},"detail":"LWC custom attribute"}],"privateAttributes":[{"name":"columns","memberType":0,"decorator":1,"location":{"uri":"file:///d%3A/NestedRelatedListComp15/NestedRelatedListComp2/force-app/main/default/lwc/nestedRelatedList/nestedRelatedList.js","range":{"start":{"line":17,"character":4},"end":{"line":17,"character":24}}},"detail":"LWC custom attribute"},{"name":"flattened-records","memberType":0,"decorator":1,"location":{"uri":"file:///d%3A/NestedRelatedListComp15/NestedRelatedListComp2/force-app/main/default/lwc/nestedRelatedList/nestedRelatedList.js","range":{"start":{"line":18,"character":4},"end":{"line":18,"character":33}}},"detail":"LWC custom attribute"},{"name":"sort-by","memberType":0,"decorator":1,"location":{"uri":"file:///d%3A/NestedRelatedListComp15/NestedRelatedListComp2/force-app/main/default/lwc/nestedRelatedList/nestedRelatedList.js","range":{"start":{"line":19,"character":4},"end":{"line":19,"character":27}}},"detail":"LWC custom attribute"},{"name":"sort-direction","memberType":0,"decorator":1,"location":{"uri":"file:///d%3A/NestedRelatedListComp15/NestedRelatedListComp2/force-app/main/default/lwc/nestedRelatedList/nestedRelatedList.js","range":{"start":{"line":20,"character":4},"end":{"line":20,"character":33}}},"detail":"LWC custom attribute"},{"name":"search-term","memberType":0,"decorator":1,"location":{"uri":"file:///d%3A/NestedRelatedListComp15/NestedRelatedListComp2/force-app/main/default/lwc/nestedRelatedList/nestedRelatedList.js","range":{"start":{"line":21,"character":4},"end":{"line":21,"character":27}}},"detail":"LWC custom attribute"},{"name":"page-number","memberType":0,"decorator":1,"location":{"uri":"file:///d%3A/NestedRelatedListComp15/NestedRelatedListComp2/force-app/main/default/lwc/nestedRelatedList/nestedRelatedList.js","range":{"start":{"line":22,"character":4},"end":{"line":22,"character":26}}},"detail":"LWC custom attribute"},{"name":"page-size","memberType":0,"decorator":1,"location":{"uri":"file:///d%3A/NestedRelatedListComp15/NestedRelatedListComp2/force-app/main/default/lwc/nestedRelatedList/nestedRelatedList.js","range":{"start":{"line":23,"character":4},"end":{"line":23,"character":25}}},"detail":"LWC custom attribute"},{"name":"total-records","memberType":0,"decorator":1,"location":{"uri":"file:///d%3A/NestedRelatedListComp15/NestedRelatedListComp2/force-app/main/default/lwc/nestedRelatedList/nestedRelatedList.js","range":{"start":{"line":24,"character":4},"end":{"line":24,"character":28}}},"detail":"LWC custom attribute"},{"name":"is-edit-modal-open","memberType":0,"decorator":1,"location":{"uri":"file:///d%3A/NestedRelatedListComp15/NestedRelatedListComp2/force-app/main/default/lwc/nestedRelatedList/nestedRelatedList.js","range":{"start":{"line":25,"character":4},"end":{"line":25,"character":35}}},"detail":"LWC custom attribute"},{"name":"record-id-to-edit","memberType":0,"decorator":1,"location":{"uri":"file:///d%3A/NestedRelatedListComp15/NestedRelatedListComp2/force-app/main/default/lwc/nestedRelatedList/nestedRelatedList.js","range":{"start":{"line":26,"character":4},"end":{"line":26,"character":26}}},"detail":"LWC custom attribute"},{"name":"object-api-name-to-edit","memberType":0,"decorator":1,"location":{"uri":"file:///d%3A/NestedRelatedListComp15/NestedRelatedListComp2/force-app/main/default/lwc/nestedRelatedList/nestedRelatedList.js","range":{"start":{"line":27,"character":4},"end":{"line":27,"character":31}}},"detail":"LWC custom attribute"},{"name":"is-resizing","memberType":0,"location":{"uri":"file:///d%3A/NestedRelatedListComp15/NestedRelatedListComp2/force-app/main/default/lwc/nestedRelatedList/nestedRelatedList.js","range":{"start":{"line":29,"character":4},"end":{"line":29,"character":23}}},"detail":"LWC custom attribute"},{"name":"resize-column-field","memberType":0,"location":{"uri":"file:///d%3A/NestedRelatedListComp15/NestedRelatedListComp2/force-app/main/default/lwc/nestedRelatedList/nestedRelatedList.js","range":{"start":{"line":30,"character":4},"end":{"line":30,"character":27}}},"detail":"LWC custom attribute"},{"name":"initial-width","memberType":0,"location":{"uri":"file:///d%3A/NestedRelatedListComp15/NestedRelatedListComp2/force-app/main/default/lwc/nestedRelatedList/nestedRelatedList.js","range":{"start":{"line":31,"character":4},"end":{"line":31,"character":21}}},"detail":"LWC custom attribute"},{"name":"initial-x","memberType":0,"location":{"uri":"file:///d%3A/NestedRelatedListComp15/NestedRelatedListComp2/force-app/main/default/lwc/nestedRelatedList/nestedRelatedList.js","range":{"start":{"line":32,"character":4},"end":{"line":32,"character":17}}},"detail":"LWC custom attribute"},{"name":"handle-resize-move","memberType":0,"location":{"uri":"file:///d%3A/NestedRelatedListComp15/NestedRelatedListComp2/force-app/main/default/lwc/nestedRelatedList/nestedRelatedList.js","range":{"start":{"line":58,"character":4},"end":{"line":72,"character":5}}},"detail":"LWC custom attribute"},{"name":"handle-resize-end","memberType":0,"location":{"uri":"file:///d%3A/NestedRelatedListComp15/NestedRelatedListComp2/force-app/main/default/lwc/nestedRelatedList/nestedRelatedList.js","range":{"start":{"line":74,"character":4},"end":{"line":83,"character":5}}},"detail":"LWC custom attribute"},{"name":"edit-fieldset","memberType":0,"location":{"uri":"file:///d%3A/NestedRelatedListComp15/NestedRelatedListComp2/force-app/main/default/lwc/nestedRelatedList/nestedRelatedList.js","range":{"start":{"line":287,"character":4},"end":{"line":289,"character":5}}},"detail":"LWC custom attribute"}]},"_properties":null,"_methods":[{"name":"connectedCallback","type":"method","loc":{"start":{"line":35,"column":4},"end":{"line":39,"column":5}}},{"name":"handleResizeStart","type":"method","loc":{"start":{"line":46,"column":4},"end":{"line":57,"column":5}}},{"name":"loadChildRecords","type":"method","loc":{"start":{"line":86,"column":4},"end":{"line":107,"column":5}}},{"name":"updateColumnsWithSortData","type":"method","loc":{"start":{"line":109,"column":4},"end":{"line":119,"column":5}}},{"name":"getSortIconName","type":"method","loc":{"start":{"line":121,"column":4},"end":{"line":126,"column":5}}},{"name":"getSortDirection","type":"method","loc":{"start":{"line":128,"column":4},"end":{"line":130,"column":5}}},{"name":"getSortAssistiveText","type":"method","loc":{"start":{"line":132,"column":4},"end":{"line":137,"column":5}}},{"name":"processRecords","type":"method","loc":{"start":{"line":139,"column":4},"end":{"line":141,"column":5}}},{"name":"createFlattenedRecord","type":"method","loc":{"start":{"line":143,"column":4},"end":{"line":164,"column":5}}},{"name":"handleNameClick","type":"method","loc":{"start":{"line":166,"column":4},"end":{"line":179,"column":5}}},{"name":"handleRowToggle","type":"method","loc":{"start":{"line":181,"column":4},"end":{"line":203,"column":5}}},{"name":"loadGrandchildRecords","type":"method","loc":{"start":{"line":205,"column":4},"end":{"line":225,"column":5}}},{"name":"handleSort","type":"method","loc":{"start":{"line":227,"column":4},"end":{"line":236,"column":5}}},{"name":"handleSearch","type":"method","loc":{"start":{"line":238,"column":4},"end":{"line":241,"column":5}}},{"name":"handleRowAction","type":"method","loc":{"start":{"line":243,"column":4},"end":{"line":258,"column":5}}},{"name":"editRecord","type":"method","loc":{"start":{"line":260,"column":4},"end":{"line":273,"column":5}}},{"name":"closeModal","type":"method","loc":{"start":{"line":275,"column":4},"end":{"line":286,"column":5}}},{"name":"deleteChildRecord","type":"method","loc":{"start":{"line":292,"column":4},"end":{"line":302,"column":5}}},{"name":"deleteGrandchildRecord","type":"method","loc":{"start":{"line":304,"column":4},"end":{"line":314,"column":5}}},{"name":"handlePrevious","type":"method","loc":{"start":{"line":316,"column":4},"end":{"line":321,"column":5}}},{"name":"handleNext","type":"method","loc":{"start":{"line":323,"column":4},"end":{"line":328,"column":5}}},{"name":"showToast","type":"method","loc":{"start":{"line":330,"column":4},"end":{"line":337,"column":5}}}],"file":"d:/NestedRelatedListComp15/NestedRelatedListComp2/force-app/main/default/lwc/nestedRelatedList/nestedRelatedList.js","metadata":{"decorators":[{"type":"api","targets":[{"name":"recordId","type":"property","value":{"type":"unresolved"}},{"name":"childObjectApiName","type":"property","value":{"type":"unresolved"}},{"name":"grandchildObjectApiName","type":"property","value":{"type":"unresolved"}},{"name":"childFieldset","type":"property","value":{"type":"unresolved"}},{"name":"grandchildFieldset","type":"property","value":{"type":"unresolved"}},{"name":"parentField","type":"property","value":{"type":"unresolved"}},{"name":"childField","type":"property","value":{"type":"unresolved"}}]},{"type":"track","targets":[{"name":"columns","type":"property"},{"name":"flattenedRecords","type":"property"},{"name":"sortBy","type":"property"},{"name":"sortDirection","type":"property"},{"name":"searchTerm","type":"property"},{"name":"pageNumber","type":"property"},{"name":"pageSize","type":"property"},{"name":"totalRecords","type":"property"},{"name":"isEditModalOpen","type":"property"},{"name":"recordIdToEdit","type":"property"},{"name":"objectApiNameToEdit","type":"property"}]}],"classMembers":[{"name":"recordId","type":"property","value":{"type":"unresolved"},"decorator":"api","loc":{"start":{"line":10,"column":4},"end":{"line":10,"column":18}}},{"name":"childObjectApiName","type":"property","value":{"type":"unresolved"},"decorator":"api","loc":{"start":{"line":11,"column":4},"end":{"line":11,"column":28}}},{"name":"grandchildObjectApiName","type":"property","value":{"type":"unresolved"},"decorator":"api","loc":{"start":{"line":12,"column":4},"end":{"line":12,"column":33}}},{"name":"childFieldset","type":"property","value":{"type":"unresolved"},"decorator":"api","loc":{"start":{"line":13,"column":4},"end":{"line":13,"column":23}}},{"name":"grandchildFieldset","type":"property","value":{"type":"unresolved"},"decorator":"api","loc":{"start":{"line":14,"column":4},"end":{"line":14,"column":28}}},{"name":"parentField","type":"property","value":{"type":"unresolved"},"decorator":"api","loc":{"start":{"line":15,"column":4},"end":{"line":15,"column":21}}},{"name":"childField","type":"property","value":{"type":"unresolved"},"decorator":"api","loc":{"start":{"line":16,"column":4},"end":{"line":16,"column":20}}},{"name":"columns","type":"property","decorator":"track","loc":{"start":{"line":18,"column":4},"end":{"line":18,"column":24}}},{"name":"flattenedRecords","type":"property","decorator":"track","loc":{"start":{"line":19,"column":4},"end":{"line":19,"column":33}}},{"name":"sortBy","type":"property","decorator":"track","loc":{"start":{"line":20,"column":4},"end":{"line":20,"column":27}}},{"name":"sortDirection","type":"property","decorator":"track","loc":{"start":{"line":21,"column":4},"end":{"line":21,"column":33}}},{"name":"searchTerm","type":"property","decorator":"track","loc":{"start":{"line":22,"column":4},"end":{"line":22,"column":27}}},{"name":"pageNumber","type":"property","decorator":"track","loc":{"start":{"line":23,"column":4},"end":{"line":23,"column":26}}},{"name":"pageSize","type":"property","decorator":"track","loc":{"start":{"line":24,"column":4},"end":{"line":24,"column":25}}},{"name":"totalRecords","type":"property","decorator":"track","loc":{"start":{"line":25,"column":4},"end":{"line":25,"column":28}}},{"name":"isEditModalOpen","type":"property","value":{"type":"boolean","value":false},"decorator":"track","loc":{"start":{"line":26,"column":4},"end":{"line":26,"column":35}}},{"name":"recordIdToEdit","type":"property","decorator":"track","loc":{"start":{"line":27,"column":4},"end":{"line":27,"column":26}}},{"name":"objectApiNameToEdit","type":"property","decorator":"track","loc":{"start":{"line":28,"column":4},"end":{"line":28,"column":31}}},{"name":"isResizing","type":"property","value":{"type":"boolean","value":false},"loc":{"start":{"line":30,"column":4},"end":{"line":30,"column":23}}},{"name":"resizeColumnField","type":"property","value":{"type":"string","value":""},"loc":{"start":{"line":31,"column":4},"end":{"line":31,"column":27}}},{"name":"initialWidth","type":"property","loc":{"start":{"line":32,"column":4},"end":{"line":32,"column":21}}},{"name":"initialX","type":"property","loc":{"start":{"line":33,"column":4},"end":{"line":33,"column":17}}},{"name":"connectedCallback","type":"method","loc":{"start":{"line":35,"column":4},"end":{"line":39,"column":5}}},{"name":"handleResizeStart","type":"method","loc":{"start":{"line":46,"column":4},"end":{"line":57,"column":5}}},{"name":"handleResizeMove","type":"property","value":{"type":"unresolved"},"loc":{"start":{"line":59,"column":4},"end":{"line":73,"column":5}}},{"name":"handleResizeEnd","type":"property","value":{"type":"unresolved"},"loc":{"start":{"line":75,"column":4},"end":{"line":84,"column":5}}},{"name":"loadChildRecords","type":"method","loc":{"start":{"line":86,"column":4},"end":{"line":107,"column":5}}},{"name":"updateColumnsWithSortData","type":"method","loc":{"start":{"line":109,"column":4},"end":{"line":119,"column":5}}},{"name":"getSortIconName","type":"method","loc":{"start":{"line":121,"column":4},"end":{"line":126,"column":5}}},{"name":"getSortDirection","type":"method","loc":{"start":{"line":128,"column":4},"end":{"line":130,"column":5}}},{"name":"getSortAssistiveText","type":"method","loc":{"start":{"line":132,"column":4},"end":{"line":137,"column":5}}},{"name":"processRecords","type":"method","loc":{"start":{"line":139,"column":4},"end":{"line":141,"column":5}}},{"name":"createFlattenedRecord","type":"method","loc":{"start":{"line":143,"column":4},"end":{"line":164,"column":5}}},{"name":"handleNameClick","type":"method","loc":{"start":{"line":166,"column":4},"end":{"line":179,"column":5}}},{"name":"handleRowToggle","type":"method","loc":{"start":{"line":181,"column":4},"end":{"line":203,"column":5}}},{"name":"loadGrandchildRecords","type":"method","loc":{"start":{"line":205,"column":4},"end":{"line":225,"column":5}}},{"name":"handleSort","type":"method","loc":{"start":{"line":227,"column":4},"end":{"line":236,"column":5}}},{"name":"handleSearch","type":"method","loc":{"start":{"line":238,"column":4},"end":{"line":241,"column":5}}},{"name":"handleRowAction","type":"method","loc":{"start":{"line":243,"column":4},"end":{"line":258,"column":5}}},{"name":"editRecord","type":"method","loc":{"start":{"line":260,"column":4},"end":{"line":273,"column":5}}},{"name":"closeModal","type":"method","loc":{"start":{"line":275,"column":4},"end":{"line":286,"column":5}}},{"name":"editFieldset","type":"property","loc":{"start":{"line":288,"column":4},"end":{"line":290,"column":5}}},{"name":"deleteChildRecord","type":"method","loc":{"start":{"line":292,"column":4},"end":{"line":302,"column":5}}},{"name":"deleteGrandchildRecord","type":"method","loc":{"start":{"line":304,"column":4},"end":{"line":314,"column":5}}},{"name":"handlePrevious","type":"method","loc":{"start":{"line":316,"column":4},"end":{"line":321,"column":5}}},{"name":"handleNext","type":"method","loc":{"start":{"line":323,"column":4},"end":{"line":328,"column":5}}},{"name":"showToast","type":"method","loc":{"start":{"line":330,"column":4},"end":{"line":337,"column":5}}}],"declarationLoc":{"start":{"line":9,"column":0},"end":{"line":338,"column":1}},"doc":"","exports":[{"type":"ExportDefaultDeclaration"}]},"updatedAt":"2024-08-12T04:04:23.707Z"},{"_allAttributes":{"publicAttributes":[{"name":"record-id","memberType":0,"decorator":0,"location":{"uri":"file:///d%3A/NestedRelatedListComp15/NestedRelatedListComp2/force-app/main/default/lwc/editRecordModal/editRecordModal.js","range":{"start":{"line":7,"character":4},"end":{"line":7,"character":18}}},"detail":"LWC custom attribute"},{"name":"object-api-name","memberType":0,"decorator":0,"location":{"uri":"file:///d%3A/NestedRelatedListComp15/NestedRelatedListComp2/force-app/main/default/lwc/editRecordModal/editRecordModal.js","range":{"start":{"line":8,"character":4},"end":{"line":8,"character":23}}},"detail":"LWC custom attribute"},{"name":"field-set","memberType":0,"decorator":0,"location":{"uri":"file:///d%3A/NestedRelatedListComp15/NestedRelatedListComp2/force-app/main/default/lwc/editRecordModal/editRecordModal.js","range":{"start":{"line":9,"character":4},"end":{"line":9,"character":18}}},"detail":"LWC custom attribute"}],"privateAttributes":[{"name":"fields","memberType":0,"decorator":1,"location":{"uri":"file:///d%3A/NestedRelatedListComp15/NestedRelatedListComp2/force-app/main/default/lwc/editRecordModal/editRecordModal.js","range":{"start":{"line":11,"character":4},"end":{"line":11,"character":23}}},"detail":"LWC custom attribute"}]},"_properties":null,"_methods":[{"name":"connectedCallback","type":"method","loc":{"start":{"line":14,"column":4},"end":{"line":16,"column":5}}},{"name":"refreshFields","type":"method","decorator":"api","loc":{"start":{"line":18,"column":4},"end":{"line":21,"column":5}}},{"name":"loadFieldSetFields","type":"method","loc":{"start":{"line":23,"column":4},"end":{"line":33,"column":5}}},{"name":"handleSuccess","type":"method","loc":{"start":{"line":35,"column":4},"end":{"line":42,"column":5}}},{"name":"handleCancel","type":"method","loc":{"start":{"line":44,"column":4},"end":{"line":46,"column":5}}},{"name":"handleSave","type":"method","loc":{"start":{"line":48,"column":4},"end":{"line":50,"column":5}}}],"file":"d:/NestedRelatedListComp15/NestedRelatedListComp2/force-app/main/default/lwc/editRecordModal/editRecordModal.js","metadata":{"decorators":[{"type":"api","targets":[{"name":"recordId","type":"property","value":{"type":"unresolved"}},{"name":"objectApiName","type":"property","value":{"type":"unresolved"}},{"name":"fieldSet","type":"property","value":{"type":"unresolved"}},{"type":"method","name":"refreshFields"}]},{"type":"track","targets":[{"name":"fields","type":"property"}]}],"classMembers":[{"name":"recordId","type":"property","value":{"type":"unresolved"},"decorator":"api","loc":{"start":{"line":8,"column":4},"end":{"line":8,"column":18}}},{"name":"objectApiName","type":"property","value":{"type":"unresolved"},"decorator":"api","loc":{"start":{"line":9,"column":4},"end":{"line":9,"column":23}}},{"name":"fieldSet","type":"property","value":{"type":"unresolved"},"decorator":"api","loc":{"start":{"line":10,"column":4},"end":{"line":10,"column":18}}},{"name":"fields","type":"property","decorator":"track","loc":{"start":{"line":12,"column":4},"end":{"line":12,"column":23}}},{"name":"connectedCallback","type":"method","loc":{"start":{"line":14,"column":4},"end":{"line":16,"column":5}}},{"name":"refreshFields","type":"method","decorator":"api","loc":{"start":{"line":18,"column":4},"end":{"line":21,"column":5}}},{"name":"loadFieldSetFields","type":"method","loc":{"start":{"line":23,"column":4},"end":{"line":33,"column":5}}},{"name":"handleSuccess","type":"method","loc":{"start":{"line":35,"column":4},"end":{"line":42,"column":5}}},{"name":"handleCancel","type":"method","loc":{"start":{"line":44,"column":4},"end":{"line":46,"column":5}}},{"name":"handleSave","type":"method","loc":{"start":{"line":48,"column":4},"end":{"line":50,"column":5}}}],"declarationLoc":{"start":{"line":7,"column":0},"end":{"line":51,"column":1}},"doc":"","exports":[{"type":"ExportDefaultDeclaration"}]},"updatedAt":"2024-08-12T04:03:54.888Z"}]