[{"_allAttributes":null,"_properties":null,"_methods":null,"file":"d:/NestedRelatedListComp11/NestedRelatedListComp2/force-app/main/default/lwc/nestedRelatedList/nestedRelatedList.js","metadata":{"decorators":[{"type":"api","targets":[{"name":"recordId","type":"property","value":{"type":"unresolved"}},{"name":"childObjectApiName","type":"property","value":{"type":"unresolved"}},{"name":"grandchildObjectApiName","type":"property","value":{"type":"unresolved"}},{"name":"childFieldset","type":"property","value":{"type":"unresolved"}},{"name":"grandchildFieldset","type":"property","value":{"type":"unresolved"}},{"name":"parentField","type":"property","value":{"type":"unresolved"}},{"name":"childField","type":"property","value":{"type":"unresolved"}}]},{"type":"track","targets":[{"name":"columns","type":"property"},{"name":"flattenedRecords","type":"property"},{"name":"sortBy","type":"property"},{"name":"sortDirection","type":"property"},{"name":"searchTerm","type":"property"},{"name":"pageNumber","type":"property"},{"name":"pageSize","type":"property"},{"name":"totalRecords","type":"property"},{"name":"isEditModalOpen","type":"property"},{"name":"recordIdToEdit","type":"property"},{"name":"objectApiNameToEdit","type":"property"}]}],"classMembers":[{"name":"recordId","type":"property","value":{"type":"unresolved"},"decorator":"api","loc":{"start":{"line":8,"column":4},"end":{"line":8,"column":18}}},{"name":"childObjectApiName","type":"property","value":{"type":"unresolved"},"decorator":"api","loc":{"start":{"line":9,"column":4},"end":{"line":9,"column":28}}},{"name":"grandchildObjectApiName","type":"property","value":{"type":"unresolved"},"decorator":"api","loc":{"start":{"line":10,"column":4},"end":{"line":10,"column":33}}},{"name":"childFieldset","type":"property","value":{"type":"unresolved"},"decorator":"api","loc":{"start":{"line":11,"column":4},"end":{"line":11,"column":23}}},{"name":"grandchildFieldset","type":"property","value":{"type":"unresolved"},"decorator":"api","loc":{"start":{"line":12,"column":4},"end":{"line":12,"column":28}}},{"name":"parentField","type":"property","value":{"type":"unresolved"},"decorator":"api","loc":{"start":{"line":13,"column":4},"end":{"line":13,"column":21}}},{"name":"childField","type":"property","value":{"type":"unresolved"},"decorator":"api","loc":{"start":{"line":14,"column":4},"end":{"line":14,"column":20}}},{"name":"columns","type":"property","decorator":"track","loc":{"start":{"line":16,"column":4},"end":{"line":16,"column":24}}},{"name":"flattenedRecords","type":"property","decorator":"track","loc":{"start":{"line":17,"column":4},"end":{"line":17,"column":33}}},{"name":"sortBy","type":"property","decorator":"track","loc":{"start":{"line":18,"column":4},"end":{"line":18,"column":27}}},{"name":"sortDirection","type":"property","decorator":"track","loc":{"start":{"line":19,"column":4},"end":{"line":19,"column":33}}},{"name":"searchTerm","type":"property","decorator":"track","loc":{"start":{"line":20,"column":4},"end":{"line":20,"column":27}}},{"name":"pageNumber","type":"property","decorator":"track","loc":{"start":{"line":21,"column":4},"end":{"line":21,"column":26}}},{"name":"pageSize","type":"property","decorator":"track","loc":{"start":{"line":22,"column":4},"end":{"line":22,"column":25}}},{"name":"totalRecords","type":"property","decorator":"track","loc":{"start":{"line":23,"column":4},"end":{"line":23,"column":28}}},{"name":"isEditModalOpen","type":"property","value":{"type":"boolean","value":false},"decorator":"track","loc":{"start":{"line":24,"column":4},"end":{"line":24,"column":35}}},{"name":"recordIdToEdit","type":"property","decorator":"track","loc":{"start":{"line":25,"column":4},"end":{"line":25,"column":26}}},{"name":"objectApiNameToEdit","type":"property","decorator":"track","loc":{"start":{"line":26,"column":4},"end":{"line":26,"column":31}}},{"name":"connectedCallback","type":"method","loc":{"start":{"line":28,"column":4},"end":{"line":30,"column":5}}},{"name":"loadChildRecords","type":"method","loc":{"start":{"line":32,"column":4},"end":{"line":53,"column":5}}},{"name":"updateColumnsWithSortData","type":"method","loc":{"start":{"line":55,"column":4},"end":{"line":64,"column":5}}},{"name":"getSortIconName","type":"method","loc":{"start":{"line":66,"column":4},"end":{"line":71,"column":5}}},{"name":"getSortDirection","type":"method","loc":{"start":{"line":73,"column":4},"end":{"line":75,"column":5}}},{"name":"getSortAssistiveText","type":"method","loc":{"start":{"line":77,"column":4},"end":{"line":82,"column":5}}},{"name":"processRecords","type":"method","loc":{"start":{"line":84,"column":4},"end":{"line":86,"column":5}}},{"name":"createFlattenedRecord","type":"method","loc":{"start":{"line":88,"column":4},"end":{"line":108,"column":5}}},{"name":"handleRowToggle","type":"method","loc":{"start":{"line":110,"column":4},"end":{"line":132,"column":5}}},{"name":"loadGrandchildRecords","type":"method","loc":{"start":{"line":134,"column":4},"end":{"line":154,"column":5}}},{"name":"handleSort","type":"method","loc":{"start":{"line":156,"column":4},"end":{"line":165,"column":5}}},{"name":"handleSearch","type":"method","loc":{"start":{"line":167,"column":4},"end":{"line":170,"column":5}}},{"name":"handleRowAction","type":"method","loc":{"start":{"line":172,"column":4},"end":{"line":187,"column":5}}},{"name":"editRecord","type":"method","loc":{"start":{"line":189,"column":4},"end":{"line":193,"column":5}}},{"name":"closeModal","type":"method","loc":{"start":{"line":195,"column":4},"end":{"line":198,"column":5}}},{"name":"deleteChildRecord","type":"method","loc":{"start":{"line":200,"column":4},"end":{"line":210,"column":5}}},{"name":"deleteGrandchildRecord","type":"method","loc":{"start":{"line":212,"column":4},"end":{"line":222,"column":5}}},{"name":"handlePrevious","type":"method","loc":{"start":{"line":224,"column":4},"end":{"line":229,"column":5}}},{"name":"handleNext","type":"method","loc":{"start":{"line":231,"column":4},"end":{"line":236,"column":5}}},{"name":"showToast","type":"method","loc":{"start":{"line":238,"column":4},"end":{"line":245,"column":5}}}],"declarationLoc":{"start":{"line":7,"column":0},"end":{"line":246,"column":1}},"doc":"","exports":[{"type":"ExportDefaultDeclaration"}]},"updatedAt":"2024-08-11T17:16:13.415Z"},{"_allAttributes":null,"_properties":null,"_methods":null,"file":"d:/NestedRelatedListComp11/NestedRelatedListComp2/force-app/main/default/lwc/editRecordModal/editRecordModal.js","metadata":{"decorators":[{"type":"api","targets":[{"name":"recordId","type":"property","value":{"type":"unresolved"}},{"name":"objectApiName","type":"property","value":{"type":"unresolved"}},{"name":"fieldSet","type":"property","value":{"type":"unresolved"}}]},{"type":"track","targets":[{"name":"fields","type":"property"}]}],"classMembers":[{"name":"recordId","type":"property","value":{"type":"unresolved"},"decorator":"api","loc":{"start":{"line":7,"column":4},"end":{"line":7,"column":18}}},{"name":"objectApiName","type":"property","value":{"type":"unresolved"},"decorator":"api","loc":{"start":{"line":8,"column":4},"end":{"line":8,"column":23}}},{"name":"fieldSet","type":"property","value":{"type":"unresolved"},"decorator":"api","loc":{"start":{"line":9,"column":4},"end":{"line":9,"column":18}}},{"name":"fields","type":"property","decorator":"track","loc":{"start":{"line":11,"column":4},"end":{"line":11,"column":23}}},{"name":"connectedCallback","type":"method","loc":{"start":{"line":13,"column":4},"end":{"line":15,"column":5}}},{"name":"loadFieldSetFields","type":"method","loc":{"start":{"line":17,"column":4},"end":{"line":25,"column":5}}},{"name":"handleSuccess","type":"method","loc":{"start":{"line":27,"column":4},"end":{"line":34,"column":5}}},{"name":"handleCancel","type":"method","loc":{"start":{"line":36,"column":4},"end":{"line":38,"column":5}}},{"name":"handleSave","type":"method","loc":{"start":{"line":40,"column":4},"end":{"line":42,"column":5}}}],"declarationLoc":{"start":{"line":6,"column":0},"end":{"line":43,"column":1}},"doc":"","exports":[{"type":"ExportDefaultDeclaration"}]},"updatedAt":"2024-08-10T20:18:20.045Z"}]