[{"_allAttributes":null,"_properties":null,"_methods":null,"file":"d:/NestedRelatedListComp17.6/NestedRelatedListComp16.7/NestedRelatedListComp2/force-app/main/default/lwc/nestedRelatedList/nestedRelatedList.js","metadata":{"decorators":[{"type":"api","targets":[{"name":"recordId","type":"property","value":{"type":"unresolved"}},{"name":"parentObjectApiName","type":"property","value":{"type":"unresolved"}},{"name":"childObjectApiName","type":"property","value":{"type":"unresolved"}},{"name":"grandchildObjectApiName","type":"property","value":{"type":"unresolved"}},{"name":"childFieldset","type":"property","value":{"type":"unresolved"}},{"name":"grandchildFieldset","type":"property","value":{"type":"unresolved"}},{"name":"parentField","type":"property","value":{"type":"unresolved"}},{"name":"childField","type":"property","value":{"type":"unresolved"}}]},{"type":"track","targets":[{"name":"columns","type":"property"},{"name":"flattenedRecords","type":"property"},{"name":"sortBy","type":"property"},{"name":"sortDirection","type":"property"},{"name":"searchTerm","type":"property"},{"name":"pageNumber","type":"property"},{"name":"pageSize","type":"property"},{"name":"totalRecords","type":"property"},{"name":"isEditModalOpen","type":"property"},{"name":"recordIdToEdit","type":"property"},{"name":"objectApiNameToEdit","type":"property"},{"name":"columnSearchTerms","type":"property"},{"name":"lastUpdated","type":"property"}]}],"classMembers":[{"name":"recordId","type":"property","value":{"type":"unresolved"},"decorator":"api","loc":{"start":{"line":9,"column":4},"end":{"line":9,"column":18}}},{"name":"parentObjectApiName","type":"property","value":{"type":"unresolved"},"decorator":"api","loc":{"start":{"line":10,"column":4},"end":{"line":10,"column":29}}},{"name":"childObjectApiName","type":"property","value":{"type":"unresolved"},"decorator":"api","loc":{"start":{"line":11,"column":4},"end":{"line":11,"column":28}}},{"name":"grandchildObjectApiName","type":"property","value":{"type":"unresolved"},"decorator":"api","loc":{"start":{"line":12,"column":4},"end":{"line":12,"column":33}}},{"name":"childFieldset","type":"property","value":{"type":"unresolved"},"decorator":"api","loc":{"start":{"line":13,"column":4},"end":{"line":13,"column":23}}},{"name":"grandchildFieldset","type":"property","value":{"type":"unresolved"},"decorator":"api","loc":{"start":{"line":14,"column":4},"end":{"line":14,"column":28}}},{"name":"parentField","type":"property","value":{"type":"unresolved"},"decorator":"api","loc":{"start":{"line":15,"column":4},"end":{"line":15,"column":21}}},{"name":"childField","type":"property","value":{"type":"unresolved"},"decorator":"api","loc":{"start":{"line":16,"column":4},"end":{"line":16,"column":20}}},{"name":"columns","type":"property","decorator":"track","loc":{"start":{"line":18,"column":4},"end":{"line":18,"column":24}}},{"name":"flattenedRecords","type":"property","decorator":"track","loc":{"start":{"line":19,"column":4},"end":{"line":19,"column":33}}},{"name":"sortBy","type":"property","decorator":"track","loc":{"start":{"line":20,"column":4},"end":{"line":20,"column":27}}},{"name":"sortDirection","type":"property","decorator":"track","loc":{"start":{"line":21,"column":4},"end":{"line":21,"column":33}}},{"name":"searchTerm","type":"property","decorator":"track","loc":{"start":{"line":22,"column":4},"end":{"line":22,"column":27}}},{"name":"pageNumber","type":"property","decorator":"track","loc":{"start":{"line":23,"column":4},"end":{"line":23,"column":26}}},{"name":"pageSize","type":"property","decorator":"track","loc":{"start":{"line":24,"column":4},"end":{"line":24,"column":25}}},{"name":"totalRecords","type":"property","decorator":"track","loc":{"start":{"line":25,"column":4},"end":{"line":25,"column":28}}},{"name":"isEditModalOpen","type":"property","value":{"type":"boolean","value":false},"decorator":"track","loc":{"start":{"line":26,"column":4},"end":{"line":26,"column":35}}},{"name":"recordIdToEdit","type":"property","decorator":"track","loc":{"start":{"line":27,"column":4},"end":{"line":27,"column":26}}},{"name":"objectApiNameToEdit","type":"property","decorator":"track","loc":{"start":{"line":28,"column":4},"end":{"line":28,"column":31}}},{"name":"columnSearchTerms","type":"property","value":{"type":"object","value":{}},"decorator":"track","loc":{"start":{"line":29,"column":4},"end":{"line":29,"column":34}}},{"name":"lastUpdated","type":"property","decorator":"track","loc":{"start":{"line":30,"column":4},"end":{"line":30,"column":23}}},{"name":"isResizing","type":"property","value":{"type":"boolean","value":false},"loc":{"start":{"line":32,"column":4},"end":{"line":32,"column":23}}},{"name":"resizeColumnField","type":"property","value":{"type":"string","value":""},"loc":{"start":{"line":33,"column":4},"end":{"line":33,"column":27}}},{"name":"initialWidth","type":"property","loc":{"start":{"line":34,"column":4},"end":{"line":34,"column":21}}},{"name":"initialX","type":"property","loc":{"start":{"line":35,"column":4},"end":{"line":35,"column":17}}},{"name":"connectedCallback","type":"method","loc":{"start":{"line":37,"column":4},"end":{"line":44,"column":5}}},{"name":"getObjectApiName","type":"method","loc":{"start":{"line":46,"column":4},"end":{"line":52,"column":5}}},{"name":"handleResizeStart","type":"method","loc":{"start":{"line":55,"column":4},"end":{"line":65,"column":5}}},{"name":"handleResizeMove","type":"property","value":{"type":"unresolved"},"loc":{"start":{"line":67,"column":4},"end":{"line":80,"column":5}}},{"name":"handleResizeEnd","type":"property","value":{"type":"unresolved"},"loc":{"start":{"line":82,"column":4},"end":{"line":90,"column":5}}},{"name":"loadChildRecords","type":"method","loc":{"start":{"line":92,"column":4},"end":{"line":116,"column":5}}},{"name":"handleRecordUpdated","type":"method","loc":{"start":{"line":118,"column":4},"end":{"line":145,"column":5}}},{"name":"updateLastUpdatedTime","type":"method","loc":{"start":{"line":147,"column":4},"end":{"line":149,"column":5}}},{"name":"lastUpdatedFormatted","type":"property","loc":{"start":{"line":151,"column":4},"end":{"line":156,"column":5}}},{"name":"updateColumnsWithSortData","type":"method","loc":{"start":{"line":158,"column":4},"end":{"line":167,"column":5}}},{"name":"getSortIconName","type":"method","loc":{"start":{"line":169,"column":4},"end":{"line":172,"column":5}}},{"name":"getSortDirection","type":"method","loc":{"start":{"line":174,"column":4},"end":{"line":176,"column":5}}},{"name":"getSortAssistiveText","type":"method","loc":{"start":{"line":178,"column":4},"end":{"line":180,"column":5}}},{"name":"processRecords","type":"method","loc":{"start":{"line":182,"column":4},"end":{"line":188,"column":5}}},{"name":"createFlattenedRecord","type":"method","loc":{"start":{"line":190,"column":4},"end":{"line":206,"column":5}}},{"name":"handleNameClick","type":"method","loc":{"start":{"line":208,"column":4},"end":{"line":221,"column":5}}},{"name":"handleRowToggle","type":"method","loc":{"start":{"line":223,"column":4},"end":{"line":233,"column":5}}},{"name":"handleSort","type":"method","loc":{"start":{"line":235,"column":4},"end":{"line":240,"column":5}}},{"name":"handleSearch","type":"method","loc":{"start":{"line":242,"column":4},"end":{"line":245,"column":5}}},{"name":"handleRowAction","type":"method","loc":{"start":{"line":247,"column":4},"end":{"line":256,"column":5}}},{"name":"editRecord","type":"method","loc":{"start":{"line":258,"column":4},"end":{"line":262,"column":5}}},{"name":"closeModal","type":"method","loc":{"start":{"line":264,"column":4},"end":{"line":269,"column":5}}},{"name":"refreshChildRecord","type":"method","loc":{"start":{"line":271,"column":4},"end":{"line":296,"column":5}}},{"name":"editFieldset","type":"property","loc":{"start":{"line":298,"column":4},"end":{"line":300,"column":5}}},{"name":"deleteChildRecord","type":"method","loc":{"start":{"line":302,"column":4},"end":{"line":312,"column":5}}},{"name":"removeRecordFromList","type":"method","loc":{"start":{"line":314,"column":4},"end":{"line":316,"column":5}}},{"name":"handlePrevious","type":"method","loc":{"start":{"line":318,"column":4},"end":{"line":323,"column":5}}},{"name":"handleNext","type":"method","loc":{"start":{"line":325,"column":4},"end":{"line":330,"column":5}}},{"name":"showToast","type":"method","loc":{"start":{"line":332,"column":4},"end":{"line":339,"column":5}}},{"name":"columnCount","type":"property","loc":{"start":{"line":341,"column":4},"end":{"line":343,"column":5}}},{"name":"toggleSearchInput","type":"method","loc":{"start":{"line":345,"column":4},"end":{"line":352,"column":5}}},{"name":"handleColumnSearch","type":"method","loc":{"start":{"line":354,"column":4},"end":{"line":374,"column":5}}},{"name":"filterRecords","type":"method","loc":{"start":{"line":376,"column":4},"end":{"line":390,"column":5}}},{"name":"isPreviousDisabled","type":"property","loc":{"start":{"line":392,"column":4},"end":{"line":394,"column":5}}},{"name":"isNextDisabled","type":"property","loc":{"start":{"line":396,"column":4},"end":{"line":398,"column":5}}}],"declarationLoc":{"start":{"line":8,"column":0},"end":{"line":399,"column":1}},"doc":"","exports":[{"type":"ExportDefaultDeclaration"}]},"updatedAt":"2024-08-14T19:49:21.944Z"},{"_allAttributes":null,"_properties":null,"_methods":null,"file":"d:/NestedRelatedListComp17.6/NestedRelatedListComp16.7/NestedRelatedListComp2/force-app/main/default/lwc/editRecordModal/editRecordModal.js","metadata":{"decorators":[{"type":"api","targets":[{"name":"recordId","type":"property","value":{"type":"unresolved"}},{"name":"objectApiName","type":"property","value":{"type":"unresolved"}},{"name":"fieldSet","type":"property","value":{"type":"unresolved"}},{"type":"method","name":"refreshFields"}]},{"type":"track","targets":[{"name":"fields","type":"property"}]}],"classMembers":[{"name":"recordId","type":"property","value":{"type":"unresolved"},"decorator":"api","loc":{"start":{"line":7,"column":4},"end":{"line":7,"column":18}}},{"name":"objectApiName","type":"property","value":{"type":"unresolved"},"decorator":"api","loc":{"start":{"line":8,"column":4},"end":{"line":8,"column":23}}},{"name":"fieldSet","type":"property","value":{"type":"unresolved"},"decorator":"api","loc":{"start":{"line":9,"column":4},"end":{"line":9,"column":18}}},{"name":"fields","type":"property","decorator":"track","loc":{"start":{"line":11,"column":4},"end":{"line":11,"column":23}}},{"name":"connectedCallback","type":"method","loc":{"start":{"line":13,"column":4},"end":{"line":15,"column":5}}},{"name":"refreshFields","type":"method","decorator":"api","loc":{"start":{"line":17,"column":4},"end":{"line":20,"column":5}}},{"name":"loadFieldSetFields","type":"method","loc":{"start":{"line":22,"column":4},"end":{"line":32,"column":5}}},{"name":"handleSuccess","type":"method","loc":{"start":{"line":34,"column":4},"end":{"line":49,"column":5}}},{"name":"handleCancel","type":"method","loc":{"start":{"line":51,"column":4},"end":{"line":53,"column":5}}},{"name":"handleSave","type":"method","loc":{"start":{"line":55,"column":4},"end":{"line":57,"column":5}}}],"declarationLoc":{"start":{"line":6,"column":0},"end":{"line":58,"column":1}},"doc":"","exports":[{"type":"ExportDefaultDeclaration"}]},"updatedAt":"2024-08-14T11:13:51.842Z"},{"_allAttributes":null,"_properties":null,"_methods":null,"file":"d:/NestedRelatedListComp17.6/NestedRelatedListComp16.7/NestedRelatedListComp2/force-app/main/default/lwc/grandchildRelatedList/grandchildRelatedList.js","metadata":{"decorators":[{"type":"api","targets":[{"name":"childId","type":"property","value":{"type":"unresolved"}},{"name":"grandchildObjectApiName","type":"property","value":{"type":"unresolved"}},{"name":"grandchildFieldset","type":"property","value":{"type":"unresolved"}},{"name":"childField","type":"property","value":{"type":"unresolved"}},{"type":"method","name":"refreshData"}]},{"type":"track","targets":[{"name":"columns","type":"property"},{"name":"grandchildRecords","type":"property"},{"name":"filteredRecords","type":"property"},{"name":"isLoading","type":"property"},{"name":"sortBy","type":"property"},{"name":"sortDirection","type":"property"},{"name":"isEditModalOpen","type":"property"},{"name":"recordIdToEdit","type":"property"},{"name":"searchTerms","type":"property"}]}],"classMembers":[{"name":"childId","type":"property","value":{"type":"unresolved"},"decorator":"api","loc":{"start":{"line":8,"column":4},"end":{"line":8,"column":17}}},{"name":"grandchildObjectApiName","type":"property","value":{"type":"unresolved"},"decorator":"api","loc":{"start":{"line":9,"column":4},"end":{"line":9,"column":33}}},{"name":"grandchildFieldset","type":"property","value":{"type":"unresolved"},"decorator":"api","loc":{"start":{"line":10,"column":4},"end":{"line":10,"column":28}}},{"name":"childField","type":"property","value":{"type":"unresolved"},"decorator":"api","loc":{"start":{"line":11,"column":4},"end":{"line":11,"column":20}}},{"name":"columns","type":"property","decorator":"track","loc":{"start":{"line":13,"column":4},"end":{"line":13,"column":24}}},{"name":"grandchildRecords","type":"property","decorator":"track","loc":{"start":{"line":14,"column":4},"end":{"line":14,"column":34}}},{"name":"filteredRecords","type":"property","decorator":"track","loc":{"start":{"line":15,"column":4},"end":{"line":15,"column":32}}},{"name":"isLoading","type":"property","value":{"type":"boolean","value":true},"decorator":"track","loc":{"start":{"line":16,"column":4},"end":{"line":16,"column":28}}},{"name":"sortBy","type":"property","decorator":"track","loc":{"start":{"line":17,"column":4},"end":{"line":17,"column":18}}},{"name":"sortDirection","type":"property","decorator":"track","loc":{"start":{"line":18,"column":4},"end":{"line":18,"column":33}}},{"name":"isEditModalOpen","type":"property","value":{"type":"boolean","value":false},"decorator":"track","loc":{"start":{"line":19,"column":4},"end":{"line":19,"column":35}}},{"name":"recordIdToEdit","type":"property","decorator":"track","loc":{"start":{"line":20,"column":4},"end":{"line":20,"column":26}}},{"name":"searchTerms","type":"property","value":{"type":"object","value":{}},"decorator":"track","loc":{"start":{"line":21,"column":4},"end":{"line":21,"column":28}}},{"name":"refreshData","type":"method","decorator":"api","loc":{"start":{"line":23,"column":4},"end":{"line":26,"column":5}}},{"name":"handleRecordUpdated","type":"method","loc":{"start":{"line":28,"column":4},"end":{"line":52,"column":5}}},{"name":"connectedCallback","type":"method","loc":{"start":{"line":54,"column":4},"end":{"line":56,"column":5}}},{"name":"loadGrandchildRecords","type":"method","loc":{"start":{"line":58,"column":4},"end":{"line":77,"column":5}}},{"name":"transformColumns","type":"method","loc":{"start":{"line":79,"column":4},"end":{"line":94,"column":5}}},{"name":"getRowActions","type":"method","loc":{"start":{"line":96,"column":4},"end":{"line":102,"column":5}}},{"name":"handleSort","type":"method","loc":{"start":{"line":104,"column":4},"end":{"line":110,"column":5}}},{"name":"sortData","type":"method","loc":{"start":{"line":112,"column":4},"end":{"line":126,"column":5}}},{"name":"handleRowAction","type":"method","loc":{"start":{"line":128,"column":4},"end":{"line":139,"column":5}}},{"name":"editRecord","type":"method","loc":{"start":{"line":141,"column":4},"end":{"line":144,"column":5}}},{"name":"closeEditModal","type":"method","loc":{"start":{"line":146,"column":4},"end":{"line":151,"column":5}}},{"name":"deleteRecord","type":"method","loc":{"start":{"line":153,"column":4},"end":{"line":165,"column":5}}},{"name":"removeRecordFromList","type":"method","loc":{"start":{"line":167,"column":4},"end":{"line":170,"column":5}}},{"name":"showToast","type":"method","loc":{"start":{"line":172,"column":4},"end":{"line":179,"column":5}}},{"name":"handleSearch","type":"method","loc":{"start":{"line":181,"column":4},"end":{"line":187,"column":5}}},{"name":"filterRecords","type":"method","loc":{"start":{"line":189,"column":4},"end":{"line":201,"column":5}}}],"declarationLoc":{"start":{"line":7,"column":0},"end":{"line":202,"column":1}},"doc":"","exports":[{"type":"ExportDefaultDeclaration"}]},"updatedAt":"2024-08-14T11:10:56.065Z"}]