<?xml version="1.0" encoding="UTF-8"?>
<LightningComponentBundle xmlns="http://soap.sforce.com/2006/04/metadata">
    <apiVersion>61.0</apiVersion>
    <isExposed>true</isExposed>
    <targets>
        <target>lightning__RecordPage</target>
        <target>lightning__AppPage</target>
        <target>lightning__HomePage</target>
    </targets>
    <targetConfigs>
        <targetConfig targets="lightning__RecordPage,lightning__AppPage,lightning__HomePage">
            <property name="childObjectApiName" type="String" label="Child Object API Name" required="true"/>
            <property name="grandchildObjectApiName" type="String" label="Grandchild Object API Name" required="true"/>
            <property name="childFieldset" type="String" label="Child Fieldset" required="true"/>
            <property name="grandchildFieldset" type="String" label="Grandchild Fieldset" required="true"/>
            <property name="parentField" type="String" label="Parent Field" required="true"/>
            <property name="childField" type="String" label="Child Field" required="true"/>
        </targetConfig>
    </targetConfigs>
</LightningComponentBundle>
